txn_id,customer_id,amount,product_id,txn_date,status,_loaded_at
TXN0001,C088,6590.73,P047,2025-09-11,refunded,2026-01-15T00:00:00Z
TXN0002,C432,9240.05,P003,2024-01-30,completed,2026-01-15T00:00:00Z
TXN0003,C024,9485.97,P050,2025-08-13,refunded,2026-01-15T00:00:00Z
TXN0004,C334,2115.97,P037,2025-03-02,completed,2026-01-15T00:00:00Z
TXN0005,C255,8891.07,P035,2024-10-23,refunded,2026-01-15T00:00:00Z
TXN0006,C248,2456.33,P044,2025-02-19,refunded,2026-01-15T00:00:00Z
TXN0007,C233,739.0,P004,2024-06-10,cancelled,2026-01-15T00:00:00Z
TXN0008,C213,4847.66,P014,2024-12-14,pending,2026-01-15T00:00:00Z
TXN0009,C161,8616.23,P021,2024-12-19,cancelled,2026-01-15T00:00:00Z
TXN0010,C067,7609.04,P033,2025-07-29,completed,2026-01-15T00:00:00Z
TXN0011,C164,2424.96,P008,2024-09-30,cancelled,2026-01-15T00:00:00Z
TXN0012,C127,1417.37,P004,2024-10-24,cancelled,2026-01-15T00:00:00Z
TXN0013,C443,6157.61,P016,2024-06-12,refunded,2026-01-15T00:00:00Z
TXN0014,C479,5781.09,P021,2024-07-13,pending,2026-01-15T00:00:00Z
TXN0015,C256,9959.72,P030,2025-05-25,refunded,2026-01-15T00:00:00Z
TXN0016,C255,241.53,P026,2025-06-01,cancelled,2026-01-15T00:00:00Z
TXN0017,C495,2414.88,P038,2024-12-27,completed,2026-01-15T00:00:00Z
TXN0018,C026,2820.75,P039,2025-10-31,cancelled,2026-01-15T00:00:00Z
TXN0019,C147,5371.54,P007,2025-03-17,pending,2026-01-15T00:00:00Z
TXN0020,C452,2652.08,P024,2025-02-16,refunded,2026-01-15T00:00:00Z
TXN0021,C024,4011.81,P037,2025-07-29,pending,2026-01-15T00:00:00Z
TXN0022,C186,5536.69,P005,2025-01-30,cancelled,2026-01-15T00:00:00Z
TXN0023,C392,5503.07,P040,2025-11-27,completed,2026-01-15T00:00:00Z
TXN0024,C066,9751.07,P026,2025-01-17,refunded,2026-01-15T00:00:00Z
TXN0025,C286,9390.09,P049,2024-05-27,pending,2026-01-15T00:00:00Z
TXN0026,C309,5096.13,P033,2024-02-11,completed,2026-01-15T00:00:00Z
TXN0027,C020,1378.99,P022,2025-04-30,cancelled,2026-01-15T00:00:00Z
TXN0028,C077,6066.54,P033,2024-05-23,refunded,2026-01-15T00:00:00Z
TXN0029,C477,6134.54,P011,2025-02-06,refunded,2026-01-15T00:00:00Z
TXN0030,C304,3370.37,P033,2025-06-29,cancelled,2026-01-15T00:00:00Z
TXN0031,C363,5633.61,P031,2024-01-18,refunded,2026-01-15T00:00:00Z
TXN0032,C170,6741.32,P027,2025-08-20,refunded,2026-01-15T00:00:00Z
TXN0033,C408,8988.67,P045,2025-10-06,completed,2026-01-15T00:00:00Z
TXN0034,C306,4751.15,P042,2025-08-15,pending,2026-01-15T00:00:00Z
TXN0035,C370,523.04,P031,2024-06-23,cancelled,2026-01-15T00:00:00Z
TXN0036,C076,8218.39,P016,2024-02-02,completed,2026-01-15T00:00:00Z
TXN0037,C098,199.18,P021,2025-03-04,pending,2026-01-15T00:00:00Z
TXN0038,C212,6908.09,P027,2025-05-28,cancelled,2026-01-15T00:00:00Z
TXN0039,C447,8485.28,P047,2024-03-04,pending,2026-01-15T00:00:00Z
TXN0040,C266,2081.34,P021,2025-11-09,cancelled,2026-01-15T00:00:00Z
TXN0041,C270,3774.48,P012,2025-04-15,refunded,2026-01-15T00:00:00Z
TXN0042,C280,3549.32,P050,2025-11-28,refunded,2026-01-15T00:00:00Z
TXN0043,C313,4846.95,P016,2024-10-12,refunded,2026-01-15T00:00:00Z
TXN0044,C116,9415.43,P020,2024-10-22,pending,2026-01-15T00:00:00Z
TXN0045,C354,7052.83,P021,2025-05-06,refunded,2026-01-15T00:00:00Z
TXN0046,C287,9337.66,P047,2024-10-07,refunded,2026-01-15T00:00:00Z
TXN0047,C063,5739.03,P035,2025-01-23,cancelled,2026-01-15T00:00:00Z
TXN0048,C420,3457.89,P050,2024-05-29,refunded,2026-01-15T00:00:00Z
TXN0049,C022,2883.42,P046,2024-03-21,refunded,2026-01-15T00:00:00Z
TXN0050,C474,4429.33,P017,2025-05-05,pending,2026-01-15T00:00:00Z
TXN0051,C104,8281.23,P018,2025-07-29,refunded,2026-01-15T00:00:00Z
TXN0052,C071,1101.17,P048,2025-08-23,pending,2026-01-15T00:00:00Z
TXN0053,C125,517.15,P034,2024-08-19,pending,2026-01-15T00:00:00Z
TXN0054,C027,1010.98,P022,2025-04-28,completed,2026-01-15T00:00:00Z
TXN0055,C349,7709.95,P001,2025-07-17,pending,2026-01-15T00:00:00Z
TXN0056,C209,6532.39,P031,2025-05-03,pending,2026-01-15T00:00:00Z
TXN0057,C388,9639.49,P021,2024-10-19,completed,2026-01-15T00:00:00Z
TXN0058,C465,7689.55,P042,2025-08-10,pending,2026-01-15T00:00:00Z
TXN0059,C274,7389.47,P003,2024-06-28,cancelled,2026-01-15T00:00:00Z
TXN0060,C452,8377.66,P003,2025-02-10,cancelled,2026-01-15T00:00:00Z
TXN0061,C096,9366.71,P019,2024-02-08,completed,2026-01-15T00:00:00Z
TXN0062,C153,5683.93,P007,2024-12-09,refunded,2026-01-15T00:00:00Z
TXN0063,C233,9891.09,P035,2025-06-20,cancelled,2026-01-15T00:00:00Z
TXN0064,C456,9386.21,P033,2025-04-24,refunded,2026-01-15T00:00:00Z
TXN0065,C099,8090.04,P022,2024-06-15,cancelled,2026-01-15T00:00:00Z
TXN0066,C332,2580.07,P012,2024-01-15,refunded,2026-01-15T00:00:00Z
TXN0067,C405,2957.29,P044,2024-07-16,pending,2026-01-15T00:00:00Z
TXN0068,C313,8562.9,P026,2025-03-13,refunded,2026-01-15T00:00:00Z
TXN0069,C045,4014.32,P007,2024-07-08,pending,2026-01-15T00:00:00Z
TXN0070,C245,3242.78,P016,2024-01-07,refunded,2026-01-15T00:00:00Z
TXN0071,C197,2362.85,P049,2024-09-30,refunded,2026-01-15T00:00:00Z
TXN0072,C155,5828.78,P037,2024-01-12,refunded,2026-01-15T00:00:00Z
TXN0073,C335,3601.92,P016,2024-03-04,completed,2026-01-15T00:00:00Z
TXN0074,C239,3074.99,P026,2025-12-03,refunded,2026-01-15T00:00:00Z
TXN0075,C354,1182.98,P019,2025-01-11,pending,2026-01-15T00:00:00Z
TXN0076,C113,9574.02,P031,2024-06-05,cancelled,2026-01-15T00:00:00Z
TXN0077,C383,9888.48,P024,2025-03-01,cancelled,2026-01-15T00:00:00Z
TXN0078,C388,5379.8,P043,2024-08-11,pending,2026-01-15T00:00:00Z
TXN0079,C349,7549.84,P006,2025-06-22,cancelled,2026-01-15T00:00:00Z
TXN0080,C271,7040.62,P005,2025-07-31,completed,2026-01-15T00:00:00Z
TXN0081,C032,8289.44,P033,2024-07-26,pending,2026-01-15T00:00:00Z
TXN0082,C085,3287.89,P034,2025-03-28,completed,2026-01-15T00:00:00Z
TXN0083,C349,2061.96,P038,2025-05-15,completed,2026-01-15T00:00:00Z
TXN0084,C461,5108.64,P004,2025-04-09,pending,2026-01-15T00:00:00Z
TXN0085,C263,4160.09,P037,2024-02-29,cancelled,2026-01-15T00:00:00Z
TXN0086,C345,8071.08,P047,2024-01-23,cancelled,2026-01-15T00:00:00Z
TXN0087,C131,8166.36,P048,2024-08-11,completed,2026-01-15T00:00:00Z
TXN0088,C024,4242.73,P045,2024-03-06,completed,2026-01-15T00:00:00Z
TXN0089,C479,8943.23,P031,2024-02-02,refunded,2026-01-15T00:00:00Z
TXN0090,C210,1808.01,P009,2025-10-18,cancelled,2026-01-15T00:00:00Z
TXN0091,C192,9928.63,P025,2025-04-04,cancelled,2026-01-15T00:00:00Z
TXN0092,C193,811.7,P043,2025-07-06,pending,2026-01-15T00:00:00Z
TXN0093,C335,8604.25,P008,2024-07-01,cancelled,2026-01-15T00:00:00Z
TXN0094,C271,1282.2,P015,2024-01-04,completed,2026-01-15T00:00:00Z
TXN0095,C153,4635.4,P047,2025-07-11,cancelled,2026-01-15T00:00:00Z
TXN0096,C273,3798.97,P015,2024-09-10,cancelled,2026-01-15T00:00:00Z
TXN0097,C178,1559.66,P013,2024-04-25,completed,2026-01-15T00:00:00Z
TXN0098,C415,6605.37,P040,2024-01-17,pending,2026-01-15T00:00:00Z
TXN0099,C106,682.24,P039,2024-02-04,cancelled,2026-01-15T00:00:00Z
TXN0100,C307,6723.51,P004,2024-09-07,completed,2026-01-15T00:00:00Z
TXN0101,C206,4395.23,P035,2024-08-10,completed,2026-01-15T00:00:00Z
TXN0102,C072,5043.91,P019,2024-08-27,refunded,2026-01-15T00:00:00Z
TXN0103,C296,5983.19,P044,2024-11-24,pending,2026-01-15T00:00:00Z
TXN0104,C155,8763.81,P043,2025-06-17,pending,2026-01-15T00:00:00Z
TXN0105,C212,3012.0,P004,2025-07-24,pending,2026-01-15T00:00:00Z
TXN0106,C321,6790.71,P036,2025-05-22,completed,2026-01-15T00:00:00Z
TXN0107,C498,3450.7,P042,2025-11-18,cancelled,2026-01-15T00:00:00Z
TXN0108,C403,5249.38,P045,2025-03-02,cancelled,2026-01-15T00:00:00Z
TXN0109,C077,3005.88,P012,2025-07-04,cancelled,2026-01-15T00:00:00Z
TXN0110,C124,8494.91,P020,2025-12-25,pending,2026-01-15T00:00:00Z
TXN0111,C413,4635.62,P004,2025-07-29,cancelled,2026-01-15T00:00:00Z
TXN0112,C496,4170.91,P034,2024-05-17,cancelled,2026-01-15T00:00:00Z
TXN0113,C125,2557.4,P022,2025-10-24,completed,2026-01-15T00:00:00Z
TXN0114,C473,4503.37,P024,2024-04-04,pending,2026-01-15T00:00:00Z
TXN0115,C027,2691.93,P044,2025-09-11,completed,2026-01-15T00:00:00Z
TXN0116,C448,737.11,P049,2025-08-24,pending,2026-01-15T00:00:00Z
TXN0117,C246,2096.8,P022,2024-11-06,completed,2026-01-15T00:00:00Z
TXN0118,C109,9372.22,P048,2024-04-30,cancelled,2026-01-15T00:00:00Z
TXN0119,C469,2433.5,P039,2025-12-21,pending,2026-01-15T00:00:00Z
TXN0120,C204,9152.1,P036,2024-11-25,refunded,2026-01-15T00:00:00Z
TXN0121,C195,4667.84,P042,2025-01-02,refunded,2026-01-15T00:00:00Z
TXN0122,C134,3602.85,P032,2025-04-22,completed,2026-01-15T00:00:00Z
TXN0123,C412,9813.36,P031,2024-11-23,pending,2026-01-15T00:00:00Z
TXN0124,C190,3136.09,P003,2025-07-30,pending,2026-01-15T00:00:00Z
TXN0125,C380,1467.77,P017,2025-07-20,cancelled,2026-01-15T00:00:00Z
TXN0126,C152,1532.59,P022,2024-08-23,cancelled,2026-01-15T00:00:00Z
TXN0127,C292,8335.29,P032,2025-07-17,refunded,2026-01-15T00:00:00Z
TXN0128,C132,7635.97,P032,2025-10-19,cancelled,2026-01-15T00:00:00Z
TXN0129,C236,1690.65,P023,2024-06-22,pending,2026-01-15T00:00:00Z
TXN0130,C369,5469.99,P012,2025-07-09,completed,2026-01-15T00:00:00Z
TXN0131,C269,347.9,P005,2025-11-15,completed,2026-01-15T00:00:00Z
TXN0132,C392,73.77,P009,2025-10-07,pending,2026-01-15T00:00:00Z
TXN0133,C035,7074.62,P001,2024-08-11,cancelled,2026-01-15T00:00:00Z
TXN0134,C192,613.9,P041,2025-11-13,cancelled,2026-01-15T00:00:00Z
TXN0135,C338,4883.66,P001,2025-06-28,cancelled,2026-01-15T00:00:00Z
TXN0136,C007,177.09,P047,2024-10-08,refunded,2026-01-15T00:00:00Z
TXN0137,C009,5027.13,P045,2025-11-21,cancelled,2026-01-15T00:00:00Z
TXN0138,C413,9397.71,P012,2024-04-19,completed,2026-01-15T00:00:00Z
TXN0139,C269,1497.48,P013,2025-09-26,refunded,2026-01-15T00:00:00Z
TXN0140,C418,3550.86,P026,2024-03-21,refunded,2026-01-15T00:00:00Z
TXN0141,C492,4066.21,P037,2024-09-06,pending,2026-01-15T00:00:00Z
TXN0142,C154,6843.57,P006,2025-10-31,completed,2026-01-15T00:00:00Z
TXN0143,C048,4058.73,P025,2025-07-19,cancelled,2026-01-15T00:00:00Z
TXN0144,C029,6371.11,P045,2024-06-24,completed,2026-01-15T00:00:00Z
TXN0145,C256,8454.84,P042,2024-12-05,completed,2026-01-15T00:00:00Z
TXN0146,C459,5286.3,P003,2024-08-23,pending,2026-01-15T00:00:00Z
TXN0147,C462,8682.48,P037,2025-05-01,refunded,2026-01-15T00:00:00Z
TXN0148,C024,9242.34,P044,2024-10-14,completed,2026-01-15T00:00:00Z
TXN0149,C092,9288.37,P021,2024-01-17,pending,2026-01-15T00:00:00Z
TXN0150,C301,1450.47,P046,2025-02-11,completed,2026-01-15T00:00:00Z
TXN0151,C154,1632.88,P016,2025-08-03,cancelled,2026-01-15T00:00:00Z
TXN0152,C347,8966.28,P022,2025-01-28,pending,2026-01-15T00:00:00Z
TXN0153,C405,9884.88,P047,2024-03-21,refunded,2026-01-15T00:00:00Z
TXN0154,C028,985.88,P015,2024-03-18,refunded,2026-01-15T00:00:00Z
TXN0155,C310,7692.36,P039,2025-02-10,refunded,2026-01-15T00:00:00Z
TXN0156,C016,6344.88,P029,2025-05-17,pending,2026-01-15T00:00:00Z
TXN0157,C183,5534.84,P025,2025-03-18,pending,2026-01-15T00:00:00Z
TXN0158,C349,5862.89,P025,2024-03-28,refunded,2026-01-15T00:00:00Z
TXN0159,C409,2472.03,P005,2024-03-25,refunded,2026-01-15T00:00:00Z
TXN0160,C079,3806.2,P041,2024-06-06,cancelled,2026-01-15T00:00:00Z
TXN0161,C163,3613.39,P006,2024-01-06,refunded,2026-01-15T00:00:00Z
TXN0162,C228,3605.57,P018,2024-04-14,pending,2026-01-15T00:00:00Z
TXN0163,C045,1882.04,P029,2025-07-24,cancelled,2026-01-15T00:00:00Z
TXN0164,C053,272.36,P023,2025-07-21,completed,2026-01-15T00:00:00Z
TXN0165,C306,5984.45,P021,2025-01-29,completed,2026-01-15T00:00:00Z
TXN0166,C150,4143.96,P050,2024-03-27,pending,2026-01-15T00:00:00Z
TXN0167,C293,5215.83,P044,2025-01-24,pending,2026-01-15T00:00:00Z
TXN0168,C072,2696.5,P018,2025-05-19,pending,2026-01-15T00:00:00Z
TXN0169,C033,1680.4,P018,2025-03-07,refunded,2026-01-15T00:00:00Z
TXN0170,C248,7828.83,P024,2024-09-14,pending,2026-01-15T00:00:00Z
TXN0171,C370,6254.08,P039,2025-09-23,pending,2026-01-15T00:00:00Z
TXN0172,C235,1078.65,P020,2024-01-07,cancelled,2026-01-15T00:00:00Z
TXN0173,C171,8417.71,P025,2024-12-03,cancelled,2026-01-15T00:00:00Z
TXN0174,C172,4311.85,P042,2025-08-31,pending,2026-01-15T00:00:00Z
TXN0175,C154,3213.44,P045,2024-07-24,cancelled,2026-01-15T00:00:00Z
TXN0176,C161,1784.59,P026,2024-11-22,refunded,2026-01-15T00:00:00Z
TXN0177,C377,6952.62,P032,2025-08-12,pending,2026-01-15T00:00:00Z
TXN0178,C167,3766.79,P026,2025-01-08,completed,2026-01-15T00:00:00Z
TXN0179,C478,5642.86,P038,2025-07-12,pending,2026-01-15T00:00:00Z
TXN0180,C350,7678.5,P002,2025-04-17,pending,2026-01-15T00:00:00Z
TXN0181,C225,7978.87,P045,2024-03-11,cancelled,2026-01-15T00:00:00Z
TXN0182,C345,4998.03,P041,2024-11-06,pending,2026-01-15T00:00:00Z
TXN0183,C130,6590.04,P046,2025-03-09,cancelled,2026-01-15T00:00:00Z
TXN0184,C038,4496.17,P039,2025-05-05,cancelled,2026-01-15T00:00:00Z
TXN0185,C274,5071.06,P045,2025-03-04,completed,2026-01-15T00:00:00Z
TXN0186,C405,9684.59,P045,2025-07-03,completed,2026-01-15T00:00:00Z
TXN0187,C056,7691.84,P043,2025-11-11,refunded,2026-01-15T00:00:00Z
TXN0188,C086,6473.52,P003,2025-07-30,cancelled,2026-01-15T00:00:00Z
TXN0189,C496,7529.29,P028,2024-04-18,completed,2026-01-15T00:00:00Z
TXN0190,C051,2594.79,P033,2025-06-15,pending,2026-01-15T00:00:00Z
TXN0191,C229,3747.45,P030,2025-11-26,pending,2026-01-15T00:00:00Z
TXN0192,C177,9977.04,P031,2024-04-17,refunded,2026-01-15T00:00:00Z
TXN0193,C213,9206.26,P006,2024-04-28,pending,2026-01-15T00:00:00Z
TXN0194,C179,3125.78,P030,2024-07-30,cancelled,2026-01-15T00:00:00Z
TXN0195,C179,4766.86,P029,2025-12-14,cancelled,2026-01-15T00:00:00Z
TXN0196,C164,681.07,P003,2025-12-28,completed,2026-01-15T00:00:00Z
TXN0197,C012,8493.3,P042,2024-04-21,pending,2026-01-15T00:00:00Z
TXN0198,C477,9839.16,P016,2025-06-12,pending,2026-01-15T00:00:00Z
TXN0199,C283,1609.75,P036,2025-03-12,cancelled,2026-01-15T00:00:00Z
TXN0200,C119,7979.57,P041,2024-07-07,pending,2026-01-15T00:00:00Z
TXN0201,C328,6576.5,P026,2024-01-30,pending,2026-01-15T00:00:00Z
TXN0202,C231,5926.1,P025,2024-01-05,pending,2026-01-15T00:00:00Z
TXN0203,C106,2790.66,P046,2024-03-05,completed,2026-01-15T00:00:00Z
TXN0204,C410,8721.06,P012,2025-01-09,refunded,2026-01-15T00:00:00Z
TXN0205,C101,4580.92,P017,2025-11-17,cancelled,2026-01-15T00:00:00Z
TXN0206,C271,9659.5,P021,2025-09-03,cancelled,2026-01-15T00:00:00Z
TXN0207,C313,3931.51,P008,2024-12-22,refunded,2026-01-15T00:00:00Z
TXN0208,C433,4584.02,P012,2025-11-20,refunded,2026-01-15T00:00:00Z
TXN0209,C471,6148.69,P006,2025-11-19,pending,2026-01-15T00:00:00Z
TXN0210,C161,1187.44,P020,2024-04-29,pending,2026-01-15T00:00:00Z
TXN0211,C192,6937.42,P033,2025-02-01,cancelled,2026-01-15T00:00:00Z
TXN0212,C306,1387.29,P025,2025-03-09,pending,2026-01-15T00:00:00Z
TXN0213,C250,6358.66,P045,2025-10-22,pending,2026-01-15T00:00:00Z
TXN0214,C285,1676.98,P019,2024-05-23,pending,2026-01-15T00:00:00Z
TXN0215,C162,8421.42,P040,2024-02-24,refunded,2026-01-15T00:00:00Z
TXN0216,C488,105.74,P009,2024-07-18,cancelled,2026-01-15T00:00:00Z
TXN0217,C494,5620.2,P042,2025-05-21,cancelled,2026-01-15T00:00:00Z
TXN0218,C351,4922.34,P046,2025-03-30,cancelled,2026-01-15T00:00:00Z
TXN0219,C086,835.88,P002,2024-08-13,refunded,2026-01-15T00:00:00Z
TXN0220,C017,2755.78,P035,2024-10-22,pending,2026-01-15T00:00:00Z
TXN0221,C400,4578.64,P048,2025-05-22,completed,2026-01-15T00:00:00Z
TXN0222,C294,1150.92,P050,2025-07-10,refunded,2026-01-15T00:00:00Z
TXN0223,C278,8227.87,P003,2025-03-27,pending,2026-01-15T00:00:00Z
TXN0224,C218,1033.14,P042,2024-09-10,refunded,2026-01-15T00:00:00Z
TXN0225,C448,9993.12,P029,2024-09-26,refunded,2026-01-15T00:00:00Z
TXN0226,C442,8169.11,P029,2024-04-30,pending,2026-01-15T00:00:00Z
TXN0227,C108,8108.91,P038,2025-12-06,refunded,2026-01-15T00:00:00Z
TXN0228,C441,7110.42,P041,2025-03-14,pending,2026-01-15T00:00:00Z
TXN0229,C316,1400.96,P014,2024-07-30,completed,2026-01-15T00:00:00Z
TXN0230,C292,3514.64,P018,2025-09-03,pending,2026-01-15T00:00:00Z
TXN0231,C166,9790.2,P019,2024-10-23,refunded,2026-01-15T00:00:00Z
TXN0232,C488,8581.58,P044,2024-04-07,pending,2026-01-15T00:00:00Z
TXN0233,C493,7503.43,P027,2024-03-01,refunded,2026-01-15T00:00:00Z
TXN0234,C444,6562.4,P045,2024-05-15,pending,2026-01-15T00:00:00Z
TXN0235,C075,7116.83,P016,2025-11-23,cancelled,2026-01-15T00:00:00Z
TXN0236,C251,1430.29,P041,2024-10-02,cancelled,2026-01-15T00:00:00Z
TXN0237,C193,4525.39,P041,2024-04-05,cancelled,2026-01-15T00:00:00Z
TXN0238,C264,7500.52,P045,2025-01-12,cancelled,2026-01-15T00:00:00Z
TXN0239,C487,4885.56,P038,2024-01-03,completed,2026-01-15T00:00:00Z
TXN0240,C375,9721.77,P041,2025-11-11,refunded,2026-01-15T00:00:00Z
TXN0241,C436,642.67,P035,2025-02-11,pending,2026-01-15T00:00:00Z
TXN0242,C496,4302.13,P014,2025-05-21,refunded,2026-01-15T00:00:00Z
TXN0243,C166,8285.14,P022,2025-07-14,pending,2026-01-15T00:00:00Z
TXN0244,C290,8525.69,P022,2025-11-29,completed,2026-01-15T00:00:00Z
TXN0245,C024,1004.75,P030,2024-01-17,completed,2026-01-15T00:00:00Z
TXN0246,C476,8577.93,P029,2025-04-12,completed,2026-01-15T00:00:00Z
TXN0247,C491,4283.71,P045,2024-05-15,refunded,2026-01-15T00:00:00Z
TXN0248,C082,8745.48,P018,2024-04-05,refunded,2026-01-15T00:00:00Z
TXN0249,C129,833.38,P043,2025-10-26,pending,2026-01-15T00:00:00Z
TXN0250,C027,3969.45,P020,2025-12-17,pending,2026-01-15T00:00:00Z
TXN0251,C220,6558.29,P046,2024-04-07,completed,2026-01-15T00:00:00Z
TXN0252,C110,4773.29,P009,2025-08-30,pending,2026-01-15T00:00:00Z
TXN0253,C266,6803.02,P001,2024-01-09,refunded,2026-01-15T00:00:00Z
TXN0254,C419,1214.73,P028,2025-12-11,pending,2026-01-15T00:00:00Z
TXN0255,C245,717.57,P025,2024-04-01,completed,2026-01-15T00:00:00Z
TXN0256,C053,3140.38,P020,2024-05-20,cancelled,2026-01-15T00:00:00Z
TXN0257,C397,8135.54,P009,2025-10-18,pending,2026-01-15T00:00:00Z
TXN0258,C036,5309.77,P001,2025-09-16,pending,2026-01-15T00:00:00Z
TXN0259,C226,3518.36,P014,2025-10-05,pending,2026-01-15T00:00:00Z
TXN0260,C471,4122.98,P044,2025-03-29,pending,2026-01-15T00:00:00Z
TXN0261,C045,8966.95,P009,2024-05-06,cancelled,2026-01-15T00:00:00Z
TXN0262,C180,9632.84,P021,2024-05-23,pending,2026-01-15T00:00:00Z
TXN0263,C142,6449.75,P016,2025-07-20,refunded,2026-01-15T00:00:00Z
TXN0264,C399,9413.37,P002,2025-11-05,refunded,2026-01-15T00:00:00Z
TXN0265,C106,5182.31,P033,2024-07-12,cancelled,2026-01-15T00:00:00Z
TXN0266,C152,6465.23,P016,2025-05-21,cancelled,2026-01-15T00:00:00Z
TXN0267,C058,2418.4,P041,2025-08-31,completed,2026-01-15T00:00:00Z
TXN0268,C271,8888.35,P001,2025-01-04,refunded,2026-01-15T00:00:00Z
TXN0269,C068,3874.51,P037,2025-03-06,refunded,2026-01-15T00:00:00Z
TXN0270,C280,6832.58,P049,2025-04-27,completed,2026-01-15T00:00:00Z
TXN0271,C009,5877.76,P001,2024-09-25,pending,2026-01-15T00:00:00Z
TXN0272,C021,9226.56,P026,2025-06-02,refunded,2026-01-15T00:00:00Z
TXN0273,C322,7129.16,P050,2025-03-01,cancelled,2026-01-15T00:00:00Z
TXN0274,C360,4028.75,P041,2025-07-03,pending,2026-01-15T00:00:00Z
TXN0275,C143,845.13,P006,2025-06-07,pending,2026-01-15T00:00:00Z
TXN0276,C499,8082.51,P035,2024-11-30,cancelled,2026-01-15T00:00:00Z
TXN0277,C301,6346.59,P042,2025-11-28,completed,2026-01-15T00:00:00Z
TXN0278,C159,6989.77,P047,2024-09-01,completed,2026-01-15T00:00:00Z
TXN0279,C126,871.26,P028,2024-04-28,cancelled,2026-01-15T00:00:00Z
TXN0280,C314,6092.23,P020,2025-11-13,pending,2026-01-15T00:00:00Z
TXN0281,C062,136.52,P009,2025-12-19,completed,2026-01-15T00:00:00Z
TXN0282,C084,4969.16,P023,2025-06-19,refunded,2026-01-15T00:00:00Z
TXN0283,C086,3724.97,P048,2024-10-02,completed,2026-01-15T00:00:00Z
TXN0284,C395,8999.97,P022,2025-03-15,refunded,2026-01-15T00:00:00Z
TXN0285,C269,648.08,P046,2025-08-13,completed,2026-01-15T00:00:00Z
TXN0286,C255,4557.42,P024,2024-02-26,cancelled,2026-01-15T00:00:00Z
TXN0287,C440,5673.19,P024,2024-06-10,refunded,2026-01-15T00:00:00Z
TXN0288,C396,1038.02,P037,2025-11-21,completed,2026-01-15T00:00:00Z
TXN0289,C117,7410.38,P001,2024-02-15,completed,2026-01-15T00:00:00Z
TXN0290,C126,469.36,P024,2025-01-27,pending,2026-01-15T00:00:00Z
TXN0291,C092,9312.28,P003,2025-07-20,cancelled,2026-01-15T00:00:00Z
TXN0292,C115,3224.8,P027,2024-11-23,refunded,2026-01-15T00:00:00Z
TXN0293,C423,788.09,P024,2024-05-02,completed,2026-01-15T00:00:00Z
TXN0294,C092,2239.62,P034,2024-02-17,cancelled,2026-01-15T00:00:00Z
TXN0295,C036,8771.13,P019,2024-11-14,refunded,2026-01-15T00:00:00Z
TXN0296,C045,5535.38,P001,2025-01-12,pending,2026-01-15T00:00:00Z
TXN0297,C150,5642.42,P020,2025-09-29,pending,2026-01-15T00:00:00Z
TXN0298,C238,3689.05,P032,2024-07-19,pending,2026-01-15T00:00:00Z
TXN0299,C078,73.71,P027,2024-01-25,pending,2026-01-15T00:00:00Z
TXN0300,C278,3470.77,P045,2024-01-10,refunded,2026-01-15T00:00:00Z
TXN0301,C001,7591.69,P025,2024-11-10,completed,2026-01-15T00:00:00Z
TXN0302,C106,5302.84,P016,2025-03-05,cancelled,2026-01-15T00:00:00Z
TXN0303,C493,608.35,P010,2025-12-29,refunded,2026-01-15T00:00:00Z
TXN0304,C048,448.56,P015,2025-06-16,cancelled,2026-01-15T00:00:00Z
TXN0305,C359,8956.81,P030,2024-03-27,completed,2026-01-15T00:00:00Z
TXN0306,C259,1343.8,P026,2024-03-17,completed,2026-01-15T00:00:00Z
TXN0307,C223,6627.81,P009,2024-08-30,refunded,2026-01-15T00:00:00Z
TXN0308,C134,8510.62,P026,2025-12-18,refunded,2026-01-15T00:00:00Z
TXN0309,C163,4533.05,P015,2024-03-17,pending,2026-01-15T00:00:00Z
TXN0310,C070,7801.56,P038,2024-04-21,pending,2026-01-15T00:00:00Z
TXN0311,C055,1652.1,P030,2024-11-17,cancelled,2026-01-15T00:00:00Z
TXN0312,C062,5363.88,P050,2024-07-31,cancelled,2026-01-15T00:00:00Z
TXN0313,C158,4638.83,P008,2024-04-02,pending,2026-01-15T00:00:00Z
TXN0314,C414,6863.68,P046,2025-12-14,completed,2026-01-15T00:00:00Z
TXN0315,C111,8360.88,P021,2024-05-31,completed,2026-01-15T00:00:00Z
TXN0316,C365,2489.7,P023,2025-02-09,completed,2026-01-15T00:00:00Z
TXN0317,C347,2995.42,P012,2024-02-01,cancelled,2026-01-15T00:00:00Z
TXN0318,C438,4527.49,P048,2025-07-17,pending,2026-01-15T00:00:00Z
TXN0319,C049,4625.81,P009,2024-05-04,completed,2026-01-15T00:00:00Z
TXN0320,C032,8305.41,P015,2024-05-13,pending,2026-01-15T00:00:00Z
TXN0321,C422,4011.81,P044,2025-10-07,completed,2026-01-15T00:00:00Z
TXN0322,C299,5865.32,P005,2024-01-23,completed,2026-01-15T00:00:00Z
TXN0323,C102,9025.93,P029,2024-05-11,completed,2026-01-15T00:00:00Z
TXN0324,C464,8474.27,P022,2024-05-05,completed,2026-01-15T00:00:00Z
TXN0325,C483,4615.33,P011,2025-08-10,cancelled,2026-01-15T00:00:00Z
TXN0326,C421,7247.06,P032,2024-01-31,cancelled,2026-01-15T00:00:00Z
TXN0327,C350,4272.37,P023,2024-08-07,pending,2026-01-15T00:00:00Z
TXN0328,C141,2805.74,P010,2024-02-05,pending,2026-01-15T00:00:00Z
TXN0329,C332,2958.1,P027,2025-07-17,cancelled,2026-01-15T00:00:00Z
TXN0330,C032,886.34,P025,2024-05-20,cancelled,2026-01-15T00:00:00Z
TXN0331,C103,6430.09,P034,2024-09-12,completed,2026-01-15T00:00:00Z
TXN0332,C196,7821.33,P023,2025-05-06,cancelled,2026-01-15T00:00:00Z
TXN0333,C177,9127.63,P033,2024-11-25,cancelled,2026-01-15T00:00:00Z
TXN0334,C139,1806.36,P021,2025-09-03,pending,2026-01-15T00:00:00Z
TXN0335,C016,8958.68,P050,2024-10-14,completed,2026-01-15T00:00:00Z
TXN0336,C415,9915.39,P034,2025-01-01,pending,2026-01-15T00:00:00Z
TXN0337,C499,1604.65,P016,2025-11-03,pending,2026-01-15T00:00:00Z
TXN0338,C137,5341.55,P048,2024-02-27,pending,2026-01-15T00:00:00Z
TXN0339,C295,8466.58,P025,2024-12-29,pending,2026-01-15T00:00:00Z
TXN0340,C091,2373.14,P021,2025-12-15,refunded,2026-01-15T00:00:00Z
TXN0341,C468,5919.7,P046,2025-12-18,refunded,2026-01-15T00:00:00Z
TXN0342,C486,5680.83,P010,2025-07-30,pending,2026-01-15T00:00:00Z
TXN0343,C429,9880.17,P032,2025-07-09,refunded,2026-01-15T00:00:00Z
TXN0344,C090,4909.45,P006,2024-02-27,pending,2026-01-15T00:00:00Z
TXN0345,C309,2195.9,P034,2025-05-04,completed,2026-01-15T00:00:00Z
TXN0346,C170,9179.77,P013,2024-05-13,refunded,2026-01-15T00:00:00Z
TXN0347,C368,1782.82,P021,2024-03-01,completed,2026-01-15T00:00:00Z
TXN0348,C076,5870.22,P010,2024-04-23,refunded,2026-01-15T00:00:00Z
TXN0349,C492,734.59,P046,2025-11-09,cancelled,2026-01-15T00:00:00Z
TXN0350,C301,1019.31,P020,2024-11-26,pending,2026-01-15T00:00:00Z
TXN0351,C500,1583.46,P028,2025-10-16,cancelled,2026-01-15T00:00:00Z
TXN0352,C333,3179.66,P046,2025-07-29,refunded,2026-01-15T00:00:00Z
TXN0353,C115,6658.65,P012,2025-01-22,refunded,2026-01-15T00:00:00Z
TXN0354,C376,6888.09,P009,2024-06-30,completed,2026-01-15T00:00:00Z
TXN0355,C486,7023.06,P037,2025-02-04,completed,2026-01-15T00:00:00Z
TXN0356,C094,6027.86,P040,2024-08-14,completed,2026-01-15T00:00:00Z
TXN0357,C480,4966.88,P022,2024-03-20,pending,2026-01-15T00:00:00Z
TXN0358,C178,9823.96,P011,2025-10-13,completed,2026-01-15T00:00:00Z
TXN0359,C421,7092.56,P041,2024-12-09,cancelled,2026-01-15T00:00:00Z
TXN0360,C006,2659.47,P016,2025-12-10,completed,2026-01-15T00:00:00Z
TXN0361,C180,2574.01,P007,2024-01-02,completed,2026-01-15T00:00:00Z
TXN0362,C198,4387.81,P027,2024-06-19,cancelled,2026-01-15T00:00:00Z
TXN0363,C253,8818.88,P023,2025-07-13,cancelled,2026-01-15T00:00:00Z
TXN0364,C052,8289.77,P037,2025-10-28,pending,2026-01-15T00:00:00Z
TXN0365,C084,4518.36,P003,2024-10-28,completed,2026-01-15T00:00:00Z
TXN0366,C164,2618.66,P007,2024-03-16,refunded,2026-01-15T00:00:00Z
TXN0367,C088,8880.42,P011,2024-03-17,completed,2026-01-15T00:00:00Z
TXN0368,C174,5944.36,P040,2025-05-09,completed,2026-01-15T00:00:00Z
TXN0369,C221,9424.99,P011,2025-09-13,cancelled,2026-01-15T00:00:00Z
TXN0370,C081,545.02,P022,2024-07-29,pending,2026-01-15T00:00:00Z
TXN0371,C210,6974.99,P047,2025-07-07,refunded,2026-01-15T00:00:00Z
TXN0372,C339,2822.41,P016,2024-04-08,completed,2026-01-15T00:00:00Z
TXN0373,C202,5721.97,P032,2024-06-06,completed,2026-01-15T00:00:00Z
TXN0374,C185,48.12,P006,2024-10-28,cancelled,2026-01-15T00:00:00Z
TXN0375,C103,978.9,P014,2024-06-23,refunded,2026-01-15T00:00:00Z
TXN0376,C042,4740.97,P008,2024-11-11,cancelled,2026-01-15T00:00:00Z
TXN0377,C242,4896.07,P043,2024-09-28,completed,2026-01-15T00:00:00Z
TXN0378,C329,5445.81,P012,2025-01-14,cancelled,2026-01-15T00:00:00Z
TXN0379,C190,1873.96,P003,2024-09-26,cancelled,2026-01-15T00:00:00Z
TXN0380,C239,2641.37,P018,2025-07-31,completed,2026-01-15T00:00:00Z
TXN0381,C078,7524.82,P043,2024-04-09,completed,2026-01-15T00:00:00Z
TXN0382,C343,3444.47,P035,2025-02-27,pending,2026-01-15T00:00:00Z
TXN0383,C284,619.23,P025,2025-06-19,cancelled,2026-01-15T00:00:00Z
TXN0384,C495,5359.78,P031,2025-08-09,pending,2026-01-15T00:00:00Z
TXN0385,C244,2995.53,P026,2024-02-05,pending,2026-01-15T00:00:00Z
TXN0386,C062,9493.05,P029,2024-06-26,pending,2026-01-15T00:00:00Z
TXN0387,C498,2126.78,P013,2024-05-09,completed,2026-01-15T00:00:00Z
TXN0388,C217,792.9,P044,2025-03-21,pending,2026-01-15T00:00:00Z
TXN0389,C422,6275.98,P039,2024-09-21,refunded,2026-01-15T00:00:00Z
TXN0390,C467,7273.75,P005,2024-03-30,cancelled,2026-01-15T00:00:00Z
TXN0391,C285,3979.57,P021,2024-10-09,cancelled,2026-01-15T00:00:00Z
TXN0392,C470,8735.92,P045,2025-09-30,cancelled,2026-01-15T00:00:00Z
TXN0393,C058,4150.28,P010,2025-08-03,completed,2026-01-15T00:00:00Z
TXN0394,C474,1065.29,P050,2024-04-13,refunded,2026-01-15T00:00:00Z
TXN0395,C445,5360.97,P023,2025-02-24,refunded,2026-01-15T00:00:00Z
TXN0396,C197,6551.32,P037,2025-09-15,cancelled,2026-01-15T00:00:00Z
TXN0397,C020,1730.27,P026,2024-05-27,cancelled,2026-01-15T00:00:00Z
TXN0398,C020,3963.97,P022,2025-12-08,pending,2026-01-15T00:00:00Z
TXN0399,C026,7460.03,P018,2025-01-16,completed,2026-01-15T00:00:00Z
TXN0400,C173,8175.68,P020,2024-11-14,refunded,2026-01-15T00:00:00Z
TXN0401,C432,4921.27,P045,2025-12-02,completed,2026-01-15T00:00:00Z
TXN0402,C498,8690.3,P009,2024-11-03,cancelled,2026-01-15T00:00:00Z
TXN0403,C397,8259.97,P018,2025-03-02,completed,2026-01-15T00:00:00Z
TXN0404,C097,4422.74,P027,2025-05-11,refunded,2026-01-15T00:00:00Z
TXN0405,C421,571.5,P011,2024-03-08,refunded,2026-01-15T00:00:00Z
TXN0406,C364,5072.88,P009,2025-06-20,completed,2026-01-15T00:00:00Z
TXN0407,C089,1935.7,P013,2024-02-29,pending,2026-01-15T00:00:00Z
TXN0408,C017,4569.92,P024,2025-12-22,pending,2026-01-15T00:00:00Z
TXN0409,C141,3689.83,P030,2025-06-01,cancelled,2026-01-15T00:00:00Z
TXN0410,C326,9231.5,P044,2024-02-01,pending,2026-01-15T00:00:00Z
TXN0411,C191,4892.97,P029,2024-06-30,cancelled,2026-01-15T00:00:00Z
TXN0412,C301,5517.82,P023,2024-06-16,refunded,2026-01-15T00:00:00Z
TXN0413,C384,8310.39,P006,2024-10-18,completed,2026-01-15T00:00:00Z
TXN0414,C198,506.01,P037,2024-08-07,pending,2026-01-15T00:00:00Z
TXN0415,C332,2258.87,P014,2024-10-02,cancelled,2026-01-15T00:00:00Z
TXN0416,C263,210.32,P050,2025-11-29,completed,2026-01-15T00:00:00Z
TXN0417,C243,9116.03,P042,2024-06-26,completed,2026-01-15T00:00:00Z
TXN0418,C115,2531.38,P020,2025-12-30,refunded,2026-01-15T00:00:00Z
TXN0419,C217,8955.87,P023,2025-04-15,refunded,2026-01-15T00:00:00Z
TXN0420,C112,4672.31,P044,2025-06-17,cancelled,2026-01-15T00:00:00Z
TXN0421,C300,1032.1,P033,2025-11-09,refunded,2026-01-15T00:00:00Z
TXN0422,C288,6476.94,P039,2024-10-16,refunded,2026-01-15T00:00:00Z
TXN0423,C351,1089.96,P005,2024-12-10,refunded,2026-01-15T00:00:00Z
TXN0424,C328,3258.12,P018,2024-09-24,refunded,2026-01-15T00:00:00Z
TXN0425,C097,1507.79,P049,2024-09-03,completed,2026-01-15T00:00:00Z
TXN0426,C413,8574.57,P039,2025-02-17,refunded,2026-01-15T00:00:00Z
TXN0427,C349,1407.89,P002,2025-11-02,cancelled,2026-01-15T00:00:00Z
TXN0428,C152,2601.67,P027,2025-02-18,cancelled,2026-01-15T00:00:00Z
TXN0429,C378,362.84,P046,2025-08-08,pending,2026-01-15T00:00:00Z
TXN0430,C176,7268.23,P015,2025-12-03,cancelled,2026-01-15T00:00:00Z
TXN0431,C465,9407.26,P023,2025-06-03,refunded,2026-01-15T00:00:00Z
TXN0432,C433,1708.17,P043,2025-07-25,pending,2026-01-15T00:00:00Z
TXN0433,C151,985.05,P009,2024-09-21,pending,2026-01-15T00:00:00Z
TXN0434,C485,6800.32,P022,2025-11-01,completed,2026-01-15T00:00:00Z
TXN0435,C114,3559.28,P048,2024-11-10,cancelled,2026-01-15T00:00:00Z
TXN0436,C404,8869.56,P024,2024-09-23,refunded,2026-01-15T00:00:00Z
TXN0437,C238,8513.62,P031,2024-02-24,completed,2026-01-15T00:00:00Z
TXN0438,C242,8895.36,P033,2024-05-02,cancelled,2026-01-15T00:00:00Z
TXN0439,C272,2990.57,P004,2024-06-03,pending,2026-01-15T00:00:00Z
TXN0440,C103,3433.27,P037,2025-04-13,pending,2026-01-15T00:00:00Z
TXN0441,C162,8625.31,P012,2024-03-23,cancelled,2026-01-15T00:00:00Z
TXN0442,C171,6314.01,P012,2024-11-16,completed,2026-01-15T00:00:00Z
TXN0443,C003,4526.01,P014,2024-06-21,pending,2026-01-15T00:00:00Z
TXN0444,C251,7854.25,P050,2024-03-31,pending,2026-01-15T00:00:00Z
TXN0445,C315,4342.77,P028,2025-02-17,cancelled,2026-01-15T00:00:00Z
TXN0446,C495,4779.22,P001,2024-02-08,pending,2026-01-15T00:00:00Z
TXN0447,C375,3737.28,P001,2024-11-25,pending,2026-01-15T00:00:00Z
TXN0448,C010,6770.71,P041,2024-09-11,pending,2026-01-15T00:00:00Z
TXN0449,C356,8771.07,P020,2024-05-12,completed,2026-01-15T00:00:00Z
TXN0450,C197,5038.33,P020,2024-06-20,completed,2026-01-15T00:00:00Z
TXN0451,C422,466.73,P019,2025-04-11,refunded,2026-01-15T00:00:00Z
TXN0452,C223,8880.85,P009,2024-12-16,cancelled,2026-01-15T00:00:00Z
TXN0453,C184,7503.65,P011,2025-02-17,completed,2026-01-15T00:00:00Z
TXN0454,C117,2250.97,P009,2024-08-04,completed,2026-01-15T00:00:00Z
TXN0455,C302,5051.28,P008,2025-01-10,completed,2026-01-15T00:00:00Z
TXN0456,C193,8766.67,P017,2025-07-01,completed,2026-01-15T00:00:00Z
TXN0457,C305,9946.85,P043,2024-04-20,completed,2026-01-15T00:00:00Z
TXN0458,C025,6900.59,P027,2025-03-30,cancelled,2026-01-15T00:00:00Z
TXN0459,C064,5477.35,P031,2025-12-19,pending,2026-01-15T00:00:00Z
TXN0460,C106,6954.96,P041,2024-01-10,refunded,2026-01-15T00:00:00Z
TXN0461,C216,6620.02,P043,2025-06-16,refunded,2026-01-15T00:00:00Z
TXN0462,C319,6060.28,P009,2025-03-04,completed,2026-01-15T00:00:00Z
TXN0463,C262,7190.47,P008,2024-10-16,completed,2026-01-15T00:00:00Z
TXN0464,C402,1071.57,P013,2025-09-15,pending,2026-01-15T00:00:00Z
TXN0465,C399,2637.31,P034,2024-07-25,refunded,2026-01-15T00:00:00Z
TXN0466,C361,4103.46,P011,2024-02-10,cancelled,2026-01-15T00:00:00Z
TXN0467,C467,2084.86,P031,2024-12-04,pending,2026-01-15T00:00:00Z
TXN0468,C002,137.37,P006,2024-04-23,cancelled,2026-01-15T00:00:00Z
TXN0469,C077,9494.96,P050,2025-06-07,completed,2026-01-15T00:00:00Z
TXN0470,C371,7238.52,P017,2025-10-21,pending,2026-01-15T00:00:00Z
TXN0471,C234,9886.76,P019,2024-09-27,cancelled,2026-01-15T00:00:00Z
TXN0472,C026,1007.09,P012,2024-02-10,refunded,2026-01-15T00:00:00Z
TXN0473,C185,8017.94,P021,2025-03-12,completed,2026-01-15T00:00:00Z
TXN0474,C049,8513.94,P003,2024-01-10,pending,2026-01-15T00:00:00Z
TXN0475,C340,6475.51,P022,2025-01-01,cancelled,2026-01-15T00:00:00Z
TXN0476,C490,6221.85,P047,2024-04-05,refunded,2026-01-15T00:00:00Z
TXN0477,C418,3433.8,P008,2025-02-14,cancelled,2026-01-15T00:00:00Z
TXN0478,C493,4570.82,P025,2025-12-07,cancelled,2026-01-15T00:00:00Z
TXN0479,C410,4223.18,P011,2024-04-25,pending,2026-01-15T00:00:00Z
TXN0480,C357,7266.84,P011,2024-04-16,cancelled,2026-01-15T00:00:00Z
TXN0481,C467,5911.59,P037,2025-11-25,cancelled,2026-01-15T00:00:00Z
TXN0482,C093,6117.11,P050,2025-01-02,completed,2026-01-15T00:00:00Z
TXN0483,C442,6847.79,P047,2024-05-13,cancelled,2026-01-15T00:00:00Z
TXN0484,C472,4886.34,P027,2025-03-27,completed,2026-01-15T00:00:00Z
TXN0485,C033,2623.51,P021,2024-01-13,pending,2026-01-15T00:00:00Z
TXN0486,C490,6701.74,P022,2025-06-15,completed,2026-01-15T00:00:00Z
TXN0487,C222,6620.51,P016,2025-05-08,refunded,2026-01-15T00:00:00Z
TXN0488,C340,6766.19,P025,2024-06-01,completed,2026-01-15T00:00:00Z
TXN0489,C006,6437.55,P011,2025-06-01,cancelled,2026-01-15T00:00:00Z
TXN0490,C437,4963.39,P011,2024-03-17,cancelled,2026-01-15T00:00:00Z
TXN0491,C165,2416.51,P018,2024-02-21,pending,2026-01-15T00:00:00Z
TXN0492,C282,6436.73,P026,2024-08-28,completed,2026-01-15T00:00:00Z
TXN0493,C236,4447.44,P037,2025-04-03,completed,2026-01-15T00:00:00Z
TXN0494,C439,4989.57,P021,2024-05-01,cancelled,2026-01-15T00:00:00Z
TXN0495,C382,6537.19,P007,2025-02-17,cancelled,2026-01-15T00:00:00Z
TXN0496,C019,5575.73,P001,2024-04-03,refunded,2026-01-15T00:00:00Z
TXN0497,C456,5088.29,P014,2025-11-01,cancelled,2026-01-15T00:00:00Z
TXN0498,C487,3415.13,P004,2024-08-16,cancelled,2026-01-15T00:00:00Z
TXN0499,C170,5605.9,P040,2025-09-06,cancelled,2026-01-15T00:00:00Z
TXN0500,C367,6575.09,P046,2025-04-08,completed,2026-01-15T00:00:00Z
TXN0501,C050,7595.6,P015,2024-01-03,refunded,2026-01-15T00:00:00Z
TXN0502,C182,8300.53,P019,2025-07-14,refunded,2026-01-15T00:00:00Z
TXN0503,C360,1072.16,P011,2025-05-19,pending,2026-01-15T00:00:00Z
TXN0504,C421,7171.39,P047,2025-02-23,completed,2026-01-15T00:00:00Z
TXN0505,C131,6112.4,P013,2024-05-03,cancelled,2026-01-15T00:00:00Z
TXN0506,C111,4575.89,P013,2024-12-12,completed,2026-01-15T00:00:00Z
TXN0507,C388,4150.55,P041,2025-11-19,completed,2026-01-15T00:00:00Z
TXN0508,C396,8918.62,P030,2025-11-05,pending,2026-01-15T00:00:00Z
TXN0509,C494,4993.29,P034,2024-02-19,cancelled,2026-01-15T00:00:00Z
TXN0510,C430,5855.35,P033,2024-06-30,pending,2026-01-15T00:00:00Z
TXN0511,C375,8154.28,P007,2025-01-31,refunded,2026-01-15T00:00:00Z
TXN0512,C259,8815.08,P027,2025-09-15,pending,2026-01-15T00:00:00Z
TXN0513,C141,3984.72,P022,2024-10-28,cancelled,2026-01-15T00:00:00Z
TXN0514,C413,1342.38,P027,2025-09-08,refunded,2026-01-15T00:00:00Z
TXN0515,C432,7017.92,P021,2025-12-29,pending,2026-01-15T00:00:00Z
TXN0516,C103,2105.03,P046,2024-10-24,refunded,2026-01-15T00:00:00Z
TXN0517,C472,6727.01,P046,2025-10-27,pending,2026-01-15T00:00:00Z
TXN0518,C258,5429.48,P041,2024-11-26,completed,2026-01-15T00:00:00Z
TXN0519,C390,3528.85,P031,2025-08-19,cancelled,2026-01-15T00:00:00Z
TXN0520,C346,7481.2,P035,2024-10-19,cancelled,2026-01-15T00:00:00Z
TXN0521,C414,137.58,P007,2024-01-26,cancelled,2026-01-15T00:00:00Z
TXN0522,C075,540.12,P004,2024-07-23,refunded,2026-01-15T00:00:00Z
TXN0523,C385,7857.46,P019,2025-11-30,refunded,2026-01-15T00:00:00Z
TXN0524,C075,8395.42,P045,2024-10-29,pending,2026-01-15T00:00:00Z
TXN0525,C386,5416.3,P023,2025-04-08,completed,2026-01-15T00:00:00Z
TXN0526,C316,8681.66,P048,2025-07-29,pending,2026-01-15T00:00:00Z
TXN0527,C381,6474.72,P025,2024-08-31,refunded,2026-01-15T00:00:00Z
TXN0528,C355,6648.28,P025,2025-01-31,cancelled,2026-01-15T00:00:00Z
TXN0529,C490,7883.23,P044,2024-11-16,completed,2026-01-15T00:00:00Z
TXN0530,C007,7439.26,P013,2025-09-27,cancelled,2026-01-15T00:00:00Z
TXN0531,C425,2263.23,P041,2025-12-22,refunded,2026-01-15T00:00:00Z
TXN0532,C387,5887.96,P048,2025-09-09,pending,2026-01-15T00:00:00Z
TXN0533,C398,7251.89,P013,2024-10-28,cancelled,2026-01-15T00:00:00Z
TXN0534,C091,9834.69,P005,2024-07-10,pending,2026-01-15T00:00:00Z
TXN0535,C377,5143.32,P025,2024-02-11,cancelled,2026-01-15T00:00:00Z
TXN0536,C143,5570.41,P009,2024-06-13,refunded,2026-01-15T00:00:00Z
TXN0537,C003,3312.32,P046,2024-06-07,completed,2026-01-15T00:00:00Z
TXN0538,C079,9286.99,P039,2024-02-22,refunded,2026-01-15T00:00:00Z
TXN0539,C252,7901.17,P036,2025-01-01,completed,2026-01-15T00:00:00Z
TXN0540,C402,7079.73,P034,2024-08-13,pending,2026-01-15T00:00:00Z
TXN0541,C267,691.08,P033,2024-06-12,cancelled,2026-01-15T00:00:00Z
TXN0542,C279,5374.98,P006,2024-12-23,pending,2026-01-15T00:00:00Z
TXN0543,C453,2141.4,P022,2024-12-05,refunded,2026-01-15T00:00:00Z
TXN0544,C151,2192.27,P049,2025-09-25,cancelled,2026-01-15T00:00:00Z
TXN0545,C288,8238.64,P042,2024-01-10,completed,2026-01-15T00:00:00Z
TXN0546,C343,3466.61,P016,2025-10-19,pending,2026-01-15T00:00:00Z
TXN0547,C491,408.37,P021,2025-01-25,completed,2026-01-15T00:00:00Z
TXN0548,C198,2573.34,P047,2024-10-16,completed,2026-01-15T00:00:00Z
TXN0549,C467,5173.5,P050,2025-01-18,cancelled,2026-01-15T00:00:00Z
TXN0550,C250,448.08,P042,2024-07-16,refunded,2026-01-15T00:00:00Z
TXN0551,C264,832.63,P007,2024-06-20,completed,2026-01-15T00:00:00Z
TXN0552,C321,664.06,P043,2025-10-06,pending,2026-01-15T00:00:00Z
TXN0553,C443,6857.19,P007,2024-07-29,cancelled,2026-01-15T00:00:00Z
TXN0554,C332,8169.37,P005,2025-12-03,pending,2026-01-15T00:00:00Z
TXN0555,C013,4597.66,P022,2024-02-08,completed,2026-01-15T00:00:00Z
TXN0556,C038,552.14,P017,2025-07-25,completed,2026-01-15T00:00:00Z
TXN0557,C295,8217.97,P017,2025-02-21,cancelled,2026-01-15T00:00:00Z
TXN0558,C231,6305.86,P028,2024-11-19,completed,2026-01-15T00:00:00Z
TXN0559,C200,6736.25,P035,2024-01-07,completed,2026-01-15T00:00:00Z
TXN0560,C388,7462.04,P003,2025-12-18,completed,2026-01-15T00:00:00Z
TXN0561,C184,9281.19,P007,2024-10-23,refunded,2026-01-15T00:00:00Z
TXN0562,C311,874.19,P049,2025-03-24,cancelled,2026-01-15T00:00:00Z
TXN0563,C203,8222.99,P002,2025-04-30,pending,2026-01-15T00:00:00Z
TXN0564,C274,2206.46,P048,2025-02-04,refunded,2026-01-15T00:00:00Z
TXN0565,C492,6344.11,P020,2025-11-24,refunded,2026-01-15T00:00:00Z
TXN0566,C491,9495.15,P036,2025-07-22,pending,2026-01-15T00:00:00Z
TXN0567,C064,427.31,P037,2025-09-02,cancelled,2026-01-15T00:00:00Z
TXN0568,C276,5479.77,P006,2024-11-08,pending,2026-01-15T00:00:00Z
TXN0569,C384,7416.88,P047,2024-12-18,pending,2026-01-15T00:00:00Z
TXN0570,C212,9057.21,P033,2024-05-25,pending,2026-01-15T00:00:00Z
TXN0571,C095,2215.67,P017,2024-07-17,completed,2026-01-15T00:00:00Z
TXN0572,C093,6713.06,P037,2024-02-25,cancelled,2026-01-15T00:00:00Z
TXN0573,C331,5501.14,P019,2025-11-18,completed,2026-01-15T00:00:00Z
TXN0574,C129,991.04,P047,2025-08-17,cancelled,2026-01-15T00:00:00Z
TXN0575,C488,3315.2,P009,2025-11-18,pending,2026-01-15T00:00:00Z
TXN0576,C052,2858.52,P005,2024-07-17,refunded,2026-01-15T00:00:00Z
TXN0577,C249,4511.95,P040,2025-11-06,refunded,2026-01-15T00:00:00Z
TXN0578,C356,5845.85,P037,2025-08-03,refunded,2026-01-15T00:00:00Z
TXN0579,C414,3170.17,P028,2024-06-21,completed,2026-01-15T00:00:00Z
TXN0580,C161,2469.29,P015,2025-12-30,cancelled,2026-01-15T00:00:00Z
TXN0581,C142,8402.69,P009,2025-11-26,refunded,2026-01-15T00:00:00Z
TXN0582,C450,4804.74,P029,2025-01-02,refunded,2026-01-15T00:00:00Z
TXN0583,C250,5521.2,P012,2025-10-23,completed,2026-01-15T00:00:00Z
TXN0584,C431,2813.35,P009,2025-07-05,pending,2026-01-15T00:00:00Z
TXN0585,C135,7338.1,P041,2024-03-19,completed,2026-01-15T00:00:00Z
TXN0586,C457,196.12,P033,2025-10-08,completed,2026-01-15T00:00:00Z
TXN0587,C417,5823.08,P026,2025-08-27,pending,2026-01-15T00:00:00Z
TXN0588,C465,376.2,P017,2025-07-10,cancelled,2026-01-15T00:00:00Z
TXN0589,C335,7754.21,P024,2025-02-05,pending,2026-01-15T00:00:00Z
TXN0590,C457,7723.72,P047,2024-10-24,pending,2026-01-15T00:00:00Z
TXN0591,C238,5016.22,P006,2025-02-10,refunded,2026-01-15T00:00:00Z
TXN0592,C258,115.81,P016,2025-09-20,pending,2026-01-15T00:00:00Z
TXN0593,C388,5146.22,P029,2024-06-12,pending,2026-01-15T00:00:00Z
TXN0594,C290,9487.62,P043,2024-05-29,cancelled,2026-01-15T00:00:00Z
TXN0595,C481,3594.36,P015,2025-05-14,pending,2026-01-15T00:00:00Z
TXN0596,C033,2650.92,P015,2024-02-13,pending,2026-01-15T00:00:00Z
TXN0597,C266,9078.17,P024,2025-02-01,cancelled,2026-01-15T00:00:00Z
TXN0598,C470,4551.88,P003,2024-02-10,refunded,2026-01-15T00:00:00Z
TXN0599,C053,7040.32,P034,2025-10-10,refunded,2026-01-15T00:00:00Z
TXN0600,C428,7421.67,P038,2025-07-11,pending,2026-01-15T00:00:00Z
TXN0601,C193,6540.21,P024,2025-08-24,completed,2026-01-15T00:00:00Z
TXN0602,C265,2523.35,P015,2025-06-12,cancelled,2026-01-15T00:00:00Z
TXN0603,C181,8174.19,P023,2025-05-13,cancelled,2026-01-15T00:00:00Z
TXN0604,C455,6046.06,P033,2024-05-22,cancelled,2026-01-15T00:00:00Z
TXN0605,C085,2307.61,P033,2025-10-20,refunded,2026-01-15T00:00:00Z
TXN0606,C109,1510.9,P011,2025-01-05,completed,2026-01-15T00:00:00Z
TXN0607,C339,2311.16,P022,2024-04-26,cancelled,2026-01-15T00:00:00Z
TXN0608,C346,4793.35,P014,2025-08-27,pending,2026-01-15T00:00:00Z
TXN0609,C332,8335.31,P002,2024-09-06,completed,2026-01-15T00:00:00Z
TXN0610,C066,5739.12,P011,2024-05-17,completed,2026-01-15T00:00:00Z
TXN0611,C457,5726.96,P004,2024-06-19,refunded,2026-01-15T00:00:00Z
TXN0612,C473,1808.57,P026,2025-09-05,completed,2026-01-15T00:00:00Z
TXN0613,C450,7198.27,P043,2024-10-17,completed,2026-01-15T00:00:00Z
TXN0614,C111,4497.54,P031,2025-05-08,pending,2026-01-15T00:00:00Z
TXN0615,C113,8305.32,P039,2024-05-26,pending,2026-01-15T00:00:00Z
TXN0616,C320,6599.88,P017,2024-06-20,refunded,2026-01-15T00:00:00Z
TXN0617,C473,4540.16,P038,2024-03-11,pending,2026-01-15T00:00:00Z
TXN0618,C194,3860.76,P007,2024-01-17,pending,2026-01-15T00:00:00Z
TXN0619,C268,8597.31,P033,2025-12-01,cancelled,2026-01-15T00:00:00Z
TXN0620,C424,1504.11,P007,2024-06-30,cancelled,2026-01-15T00:00:00Z
TXN0621,C462,6151.33,P003,2025-06-28,completed,2026-01-15T00:00:00Z
TXN0622,C048,4827.58,P009,2025-09-09,completed,2026-01-15T00:00:00Z
TXN0623,C460,9377.96,P044,2025-10-26,cancelled,2026-01-15T00:00:00Z
TXN0624,C268,4212.63,P003,2025-12-15,cancelled,2026-01-15T00:00:00Z
TXN0625,C118,9384.82,P031,2025-01-25,refunded,2026-01-15T00:00:00Z
TXN0626,C302,8048.16,P049,2025-12-14,completed,2026-01-15T00:00:00Z
TXN0627,C218,1347.49,P031,2024-08-26,completed,2026-01-15T00:00:00Z
TXN0628,C146,5986.93,P035,2025-02-22,refunded,2026-01-15T00:00:00Z
TXN0629,C097,64.64,P048,2024-01-08,completed,2026-01-15T00:00:00Z
TXN0630,C267,81.87,P042,2024-07-29,refunded,2026-01-15T00:00:00Z
TXN0631,C210,3629.07,P010,2025-03-12,refunded,2026-01-15T00:00:00Z
TXN0632,C134,8551.21,P028,2025-08-01,refunded,2026-01-15T00:00:00Z
TXN0633,C314,2762.85,P044,2025-02-10,pending,2026-01-15T00:00:00Z
TXN0634,C212,5525.52,P036,2025-05-09,pending,2026-01-15T00:00:00Z
TXN0635,C190,5595.34,P031,2024-09-16,refunded,2026-01-15T00:00:00Z
TXN0636,C296,3450.12,P046,2025-02-11,pending,2026-01-15T00:00:00Z
TXN0637,C438,8639.66,P008,2024-08-23,cancelled,2026-01-15T00:00:00Z
TXN0638,C401,6996.11,P011,2024-04-12,pending,2026-01-15T00:00:00Z
TXN0639,C261,4011.6,P022,2025-07-17,completed,2026-01-15T00:00:00Z
TXN0640,C083,3897.14,P041,2024-01-06,completed,2026-01-15T00:00:00Z
TXN0641,C422,1461.83,P039,2025-03-21,completed,2026-01-15T00:00:00Z
TXN0642,C033,2638.29,P024,2024-03-22,completed,2026-01-15T00:00:00Z
TXN0643,C371,3849.41,P026,2025-09-20,refunded,2026-01-15T00:00:00Z
TXN0644,C365,9635.65,P004,2024-06-28,cancelled,2026-01-15T00:00:00Z
TXN0645,C225,117.0,P043,2025-06-14,refunded,2026-01-15T00:00:00Z
TXN0646,C100,345.76,P039,2025-06-06,pending,2026-01-15T00:00:00Z
TXN0647,C315,1703.13,P003,2025-01-03,pending,2026-01-15T00:00:00Z
TXN0648,C336,12.87,P011,2024-03-29,refunded,2026-01-15T00:00:00Z
TXN0649,C400,4000.34,P043,2025-02-08,cancelled,2026-01-15T00:00:00Z
TXN0650,C301,2011.1,P001,2025-12-21,completed,2026-01-15T00:00:00Z
TXN0651,C471,910.76,P019,2025-07-26,refunded,2026-01-15T00:00:00Z
TXN0652,C178,9633.23,P018,2024-08-19,pending,2026-01-15T00:00:00Z
TXN0653,C233,9297.83,P037,2024-01-05,refunded,2026-01-15T00:00:00Z
TXN0654,C090,4077.27,P007,2025-07-26,completed,2026-01-15T00:00:00Z
TXN0655,C258,2949.57,P008,2025-06-09,refunded,2026-01-15T00:00:00Z
TXN0656,C449,5383.65,P037,2024-09-13,cancelled,2026-01-15T00:00:00Z
TXN0657,C495,3777.03,P031,2024-09-06,refunded,2026-01-15T00:00:00Z
TXN0658,C493,7758.22,P044,2025-04-16,completed,2026-01-15T00:00:00Z
TXN0659,C247,1171.52,P005,2025-01-26,pending,2026-01-15T00:00:00Z
TXN0660,C347,7014.74,P021,2025-02-26,refunded,2026-01-15T00:00:00Z
TXN0661,C265,5361.16,P045,2024-09-26,pending,2026-01-15T00:00:00Z
TXN0662,C148,939.16,P044,2024-12-16,completed,2026-01-15T00:00:00Z
TXN0663,C284,9314.64,P031,2024-11-17,refunded,2026-01-15T00:00:00Z
TXN0664,C112,8944.21,P018,2024-07-06,pending,2026-01-15T00:00:00Z
TXN0665,C256,7373.74,P016,2024-09-04,refunded,2026-01-15T00:00:00Z
TXN0666,C106,2299.78,P016,2025-09-25,refunded,2026-01-15T00:00:00Z
TXN0667,C080,7791.59,P008,2024-03-21,cancelled,2026-01-15T00:00:00Z
TXN0668,C315,76.17,P035,2024-02-13,cancelled,2026-01-15T00:00:00Z
TXN0669,C191,6210.46,P032,2025-08-11,refunded,2026-01-15T00:00:00Z
TXN0670,C252,1836.89,P049,2025-06-07,refunded,2026-01-15T00:00:00Z
TXN0671,C204,2228.7,P037,2024-05-11,completed,2026-01-15T00:00:00Z
TXN0672,C270,7994.7,P031,2025-07-07,completed,2026-01-15T00:00:00Z
TXN0673,C258,3479.41,P044,2024-06-27,cancelled,2026-01-15T00:00:00Z
TXN0674,C500,1212.48,P034,2025-04-16,refunded,2026-01-15T00:00:00Z
TXN0675,C353,94.1,P044,2024-08-03,cancelled,2026-01-15T00:00:00Z
TXN0676,C298,1016.47,P024,2025-09-19,refunded,2026-01-15T00:00:00Z
TXN0677,C096,5490.14,P016,2024-10-02,cancelled,2026-01-15T00:00:00Z
TXN0678,C491,6134.7,P024,2024-07-07,cancelled,2026-01-15T00:00:00Z
TXN0679,C218,2113.22,P045,2025-01-16,refunded,2026-01-15T00:00:00Z
TXN0680,C438,4011.92,P029,2024-07-03,pending,2026-01-15T00:00:00Z
TXN0681,C295,6863.25,P007,2024-10-03,pending,2026-01-15T00:00:00Z
TXN0682,C285,4327.86,P025,2024-07-19,pending,2026-01-15T00:00:00Z
TXN0683,C410,9591.88,P010,2025-04-29,completed,2026-01-15T00:00:00Z
TXN0684,C091,4220.99,P009,2025-10-07,refunded,2026-01-15T00:00:00Z
TXN0685,C403,4871.33,P017,2025-07-29,completed,2026-01-15T00:00:00Z
TXN0686,C204,998.76,P011,2024-03-02,pending,2026-01-15T00:00:00Z
TXN0687,C417,2550.35,P041,2024-04-08,cancelled,2026-01-15T00:00:00Z
TXN0688,C382,3353.22,P024,2025-01-03,refunded,2026-01-15T00:00:00Z
TXN0689,C177,208.15,P008,2024-12-25,pending,2026-01-15T00:00:00Z
TXN0690,C296,5763.18,P042,2025-07-05,pending,2026-01-15T00:00:00Z
TXN0691,C400,2853.24,P021,2025-11-20,cancelled,2026-01-15T00:00:00Z
TXN0692,C397,7367.89,P006,2025-01-25,refunded,2026-01-15T00:00:00Z
TXN0693,C238,6320.8,P010,2024-06-20,refunded,2026-01-15T00:00:00Z
TXN0694,C216,6316.42,P037,2025-02-18,completed,2026-01-15T00:00:00Z
TXN0695,C041,1628.37,P015,2024-11-17,refunded,2026-01-15T00:00:00Z
TXN0696,C335,2920.65,P018,2025-09-11,cancelled,2026-01-15T00:00:00Z
TXN0697,C139,8878.03,P050,2025-01-06,cancelled,2026-01-15T00:00:00Z
TXN0698,C212,1681.51,P002,2024-05-08,pending,2026-01-15T00:00:00Z
TXN0699,C339,2523.95,P048,2025-12-18,completed,2026-01-15T00:00:00Z
TXN0700,C108,1677.43,P007,2024-04-07,completed,2026-01-15T00:00:00Z
TXN0701,C480,8788.11,P036,2024-02-25,completed,2026-01-15T00:00:00Z
TXN0702,C395,3976.15,P049,2024-03-26,completed,2026-01-15T00:00:00Z
TXN0703,C135,6184.83,P006,2025-11-01,cancelled,2026-01-15T00:00:00Z
TXN0704,C159,2301.26,P048,2024-10-17,cancelled,2026-01-15T00:00:00Z
TXN0705,C321,1272.85,P034,2024-06-23,completed,2026-01-15T00:00:00Z
TXN0706,C018,6638.85,P021,2025-05-02,cancelled,2026-01-15T00:00:00Z
TXN0707,C500,8710.27,P018,2025-07-15,cancelled,2026-01-15T00:00:00Z
TXN0708,C070,9695.72,P045,2025-07-06,pending,2026-01-15T00:00:00Z
TXN0709,C303,5979.86,P041,2025-10-13,cancelled,2026-01-15T00:00:00Z
TXN0710,C269,6401.46,P035,2024-11-13,refunded,2026-01-15T00:00:00Z
TXN0711,C247,5401.28,P006,2025-03-28,refunded,2026-01-15T00:00:00Z
TXN0712,C188,4127.91,P010,2024-11-06,completed,2026-01-15T00:00:00Z
TXN0713,C001,5237.92,P049,2024-05-19,refunded,2026-01-15T00:00:00Z
TXN0714,C147,4697.28,P001,2025-12-05,cancelled,2026-01-15T00:00:00Z
TXN0715,C485,7557.16,P020,2024-01-10,cancelled,2026-01-15T00:00:00Z
TXN0716,C409,2936.29,P015,2024-01-08,refunded,2026-01-15T00:00:00Z
TXN0717,C097,4123.24,P036,2025-03-23,cancelled,2026-01-15T00:00:00Z
TXN0718,C128,1641.06,P048,2025-10-23,cancelled,2026-01-15T00:00:00Z
TXN0719,C425,3789.79,P017,2024-03-22,cancelled,2026-01-15T00:00:00Z
TXN0720,C321,2403.22,P049,2025-09-19,refunded,2026-01-15T00:00:00Z
TXN0721,C146,6488.08,P035,2024-10-02,cancelled,2026-01-15T00:00:00Z
TXN0722,C097,8536.28,P012,2024-05-19,refunded,2026-01-15T00:00:00Z
TXN0723,C057,6372.55,P040,2025-04-08,refunded,2026-01-15T00:00:00Z
TXN0724,C359,6231.3,P013,2024-11-24,completed,2026-01-15T00:00:00Z
TXN0725,C078,505.82,P035,2024-01-23,pending,2026-01-15T00:00:00Z
TXN0726,C498,1031.71,P018,2024-05-08,cancelled,2026-01-15T00:00:00Z
TXN0727,C373,91.96,P006,2024-06-03,completed,2026-01-15T00:00:00Z
TXN0728,C253,2179.71,P027,2024-11-15,cancelled,2026-01-15T00:00:00Z
TXN0729,C191,4642.2,P003,2024-12-04,completed,2026-01-15T00:00:00Z
TXN0730,C432,7508.18,P010,2024-02-27,refunded,2026-01-15T00:00:00Z
TXN0731,C398,3930.29,P035,2025-04-26,pending,2026-01-15T00:00:00Z
TXN0732,C099,8958.02,P017,2025-01-25,completed,2026-01-15T00:00:00Z
TXN0733,C063,9746.23,P046,2024-09-11,cancelled,2026-01-15T00:00:00Z
TXN0734,C395,9749.96,P016,2024-02-04,pending,2026-01-15T00:00:00Z
TXN0735,C236,7355.87,P007,2025-06-17,pending,2026-01-15T00:00:00Z
TXN0736,C243,3897.33,P020,2024-11-26,pending,2026-01-15T00:00:00Z
TXN0737,C323,7285.08,P048,2025-07-16,completed,2026-01-15T00:00:00Z
TXN0738,C130,4817.48,P020,2024-07-22,refunded,2026-01-15T00:00:00Z
TXN0739,C455,530.35,P043,2024-08-11,completed,2026-01-15T00:00:00Z
TXN0740,C121,6332.75,P021,2024-01-16,pending,2026-01-15T00:00:00Z
TXN0741,C407,2768.24,P008,2025-02-09,pending,2026-01-15T00:00:00Z
TXN0742,C005,9688.65,P038,2025-12-08,cancelled,2026-01-15T00:00:00Z
TXN0743,C353,5966.15,P024,2024-04-01,pending,2026-01-15T00:00:00Z
TXN0744,C081,5004.19,P044,2025-09-25,refunded,2026-01-15T00:00:00Z
TXN0745,C477,9696.81,P049,2025-10-02,completed,2026-01-15T00:00:00Z
TXN0746,C031,3561.62,P010,2025-12-19,completed,2026-01-15T00:00:00Z
TXN0747,C065,4883.55,P021,2025-07-25,refunded,2026-01-15T00:00:00Z
TXN0748,C413,8919.03,P047,2024-07-16,completed,2026-01-15T00:00:00Z
TXN0749,C353,3783.91,P047,2024-05-17,refunded,2026-01-15T00:00:00Z
TXN0750,C461,404.49,P046,2025-03-24,refunded,2026-01-15T00:00:00Z
TXN0751,C278,6973.4,P013,2025-08-03,pending,2026-01-15T00:00:00Z
TXN0752,C279,3483.17,P047,2025-04-24,refunded,2026-01-15T00:00:00Z
TXN0753,C445,8315.17,P036,2024-06-13,completed,2026-01-15T00:00:00Z
TXN0754,C272,1558.7,P019,2024-09-26,refunded,2026-01-15T00:00:00Z
TXN0755,C233,17.19,P041,2025-06-02,cancelled,2026-01-15T00:00:00Z
TXN0756,C376,1863.49,P002,2025-09-26,refunded,2026-01-15T00:00:00Z
TXN0757,C398,6205.76,P021,2024-03-05,cancelled,2026-01-15T00:00:00Z
TXN0758,C098,5245.45,P032,2025-07-18,pending,2026-01-15T00:00:00Z
TXN0759,C314,2838.46,P027,2025-10-18,refunded,2026-01-15T00:00:00Z
TXN0760,C057,971.6,P043,2024-03-09,completed,2026-01-15T00:00:00Z
TXN0761,C428,9378.61,P012,2024-02-02,pending,2026-01-15T00:00:00Z
TXN0762,C055,4858.84,P007,2024-02-02,cancelled,2026-01-15T00:00:00Z
TXN0763,C337,4904.19,P040,2025-12-19,refunded,2026-01-15T00:00:00Z
TXN0764,C026,3669.87,P039,2024-03-13,completed,2026-01-15T00:00:00Z
TXN0765,C477,9211.13,P042,2025-05-18,completed,2026-01-15T00:00:00Z
TXN0766,C240,8012.18,P004,2025-01-04,cancelled,2026-01-15T00:00:00Z
TXN0767,C421,3696.99,P046,2024-02-29,refunded,2026-01-15T00:00:00Z
TXN0768,C271,416.12,P005,2024-11-07,completed,2026-01-15T00:00:00Z
TXN0769,C484,2166.84,P034,2024-04-09,completed,2026-01-15T00:00:00Z
TXN0770,C372,2317.87,P025,2024-07-13,pending,2026-01-15T00:00:00Z
TXN0771,C270,6572.19,P037,2025-10-02,pending,2026-01-15T00:00:00Z
TXN0772,C286,7494.44,P027,2024-04-18,refunded,2026-01-15T00:00:00Z
TXN0773,C346,4592.61,P043,2025-03-13,completed,2026-01-15T00:00:00Z
TXN0774,C086,7926.68,P036,2025-02-15,refunded,2026-01-15T00:00:00Z
TXN0775,C337,1590.18,P039,2025-03-29,refunded,2026-01-15T00:00:00Z
TXN0776,C463,3158.4,P021,2025-01-15,cancelled,2026-01-15T00:00:00Z
TXN0777,C392,6336.07,P047,2024-11-27,pending,2026-01-15T00:00:00Z
TXN0778,C289,5460.8,P025,2025-07-17,refunded,2026-01-15T00:00:00Z
TXN0779,C185,9616.89,P029,2025-02-10,completed,2026-01-15T00:00:00Z
TXN0780,C372,356.28,P019,2025-09-02,completed,2026-01-15T00:00:00Z
TXN0781,C266,1359.5,P020,2024-01-07,refunded,2026-01-15T00:00:00Z
TXN0782,C114,2156.08,P021,2024-01-23,refunded,2026-01-15T00:00:00Z
TXN0783,C471,5541.09,P036,2025-08-07,pending,2026-01-15T00:00:00Z
TXN0784,C049,386.99,P023,2024-06-08,pending,2026-01-15T00:00:00Z
TXN0785,C136,3677.15,P038,2024-09-12,pending,2026-01-15T00:00:00Z
TXN0786,C132,8112.62,P006,2025-08-07,cancelled,2026-01-15T00:00:00Z
TXN0787,C292,9179.63,P047,2024-03-20,refunded,2026-01-15T00:00:00Z
TXN0788,C406,4830.5,P032,2025-12-07,completed,2026-01-15T00:00:00Z
TXN0789,C305,6426.12,P003,2025-08-13,cancelled,2026-01-15T00:00:00Z
TXN0790,C041,7803.41,P050,2024-12-08,refunded,2026-01-15T00:00:00Z
TXN0791,C451,8173.24,P027,2024-05-03,pending,2026-01-15T00:00:00Z
TXN0792,C383,6531.26,P039,2024-01-12,cancelled,2026-01-15T00:00:00Z
TXN0793,C028,3054.78,P003,2024-11-22,pending,2026-01-15T00:00:00Z
TXN0794,C168,5028.99,P015,2024-06-05,completed,2026-01-15T00:00:00Z
TXN0795,C345,7318.46,P026,2025-04-01,completed,2026-01-15T00:00:00Z
TXN0796,C114,4325.03,P026,2024-05-31,pending,2026-01-15T00:00:00Z
TXN0797,C173,834.62,P037,2024-02-20,cancelled,2026-01-15T00:00:00Z
TXN0798,C135,859.94,P033,2025-03-20,pending,2026-01-15T00:00:00Z
TXN0799,C391,1357.36,P036,2024-07-21,cancelled,2026-01-15T00:00:00Z
TXN0800,C203,6525.96,P013,2025-07-28,pending,2026-01-15T00:00:00Z
TXN0801,C125,725.72,P050,2025-03-16,refunded,2026-01-15T00:00:00Z
TXN0802,C351,9242.13,P006,2024-04-25,cancelled,2026-01-15T00:00:00Z
TXN0803,C217,3659.02,P013,2024-11-24,refunded,2026-01-15T00:00:00Z
TXN0804,C305,6557.54,P050,2024-11-08,pending,2026-01-15T00:00:00Z
TXN0805,C180,6166.04,P029,2025-09-30,pending,2026-01-15T00:00:00Z
TXN0806,C226,458.33,P015,2024-07-23,refunded,2026-01-15T00:00:00Z
TXN0807,C080,7579.75,P006,2024-04-25,completed,2026-01-15T00:00:00Z
TXN0808,C125,9489.91,P010,2024-10-21,completed,2026-01-15T00:00:00Z
TXN0809,C176,6941.01,P008,2024-11-08,cancelled,2026-01-15T00:00:00Z
TXN0810,C242,237.25,P014,2025-07-04,pending,2026-01-15T00:00:00Z
TXN0811,C105,5468.77,P049,2024-09-21,cancelled,2026-01-15T00:00:00Z
TXN0812,C319,7301.93,P010,2025-12-12,completed,2026-01-15T00:00:00Z
TXN0813,C193,5834.21,P043,2025-06-23,completed,2026-01-15T00:00:00Z
TXN0814,C131,1711.49,P019,2024-07-24,refunded,2026-01-15T00:00:00Z
TXN0815,C028,4654.95,P001,2024-03-09,cancelled,2026-01-15T00:00:00Z
TXN0816,C339,2720.39,P043,2025-01-03,completed,2026-01-15T00:00:00Z
TXN0817,C010,2932.03,P042,2025-01-30,pending,2026-01-15T00:00:00Z
TXN0818,C195,5090.31,P046,2024-04-11,refunded,2026-01-15T00:00:00Z
TXN0819,C249,8669.05,P035,2024-03-31,pending,2026-01-15T00:00:00Z
TXN0820,C102,5011.5,P030,2025-07-28,completed,2026-01-15T00:00:00Z
TXN0821,C021,2481.45,P034,2024-11-08,refunded,2026-01-15T00:00:00Z
TXN0822,C251,3940.06,P011,2024-01-19,refunded,2026-01-15T00:00:00Z
TXN0823,C351,3525.61,P041,2024-11-05,pending,2026-01-15T00:00:00Z
TXN0824,C257,2766.02,P004,2025-10-02,refunded,2026-01-15T00:00:00Z
TXN0825,C450,3877.83,P002,2025-07-22,refunded,2026-01-15T00:00:00Z
TXN0826,C116,1525.56,P026,2025-11-03,pending,2026-01-15T00:00:00Z
TXN0827,C045,7301.59,P034,2025-11-25,pending,2026-01-15T00:00:00Z
TXN0828,C214,2411.2,P010,2025-03-12,refunded,2026-01-15T00:00:00Z
TXN0829,C466,6057.63,P029,2025-07-09,pending,2026-01-15T00:00:00Z
TXN0830,C106,6528.2,P038,2025-07-08,pending,2026-01-15T00:00:00Z
TXN0831,C442,1389.71,P045,2025-12-23,pending,2026-01-15T00:00:00Z
TXN0832,C221,9956.89,P050,2024-05-28,pending,2026-01-15T00:00:00Z
TXN0833,C163,687.46,P035,2024-05-01,pending,2026-01-15T00:00:00Z
TXN0834,C163,8396.82,P010,2024-01-31,refunded,2026-01-15T00:00:00Z
TXN0835,C451,9729.22,P027,2024-11-06,cancelled,2026-01-15T00:00:00Z
TXN0836,C382,9338.34,P041,2024-10-07,pending,2026-01-15T00:00:00Z
TXN0837,C399,1887.45,P009,2024-07-08,completed,2026-01-15T00:00:00Z
TXN0838,C391,9859.69,P040,2024-09-30,pending,2026-01-15T00:00:00Z
TXN0839,C306,2329.5,P044,2024-01-27,refunded,2026-01-15T00:00:00Z
TXN0840,C041,6884.52,P031,2024-05-17,cancelled,2026-01-15T00:00:00Z
TXN0841,C365,6499.18,P012,2025-01-31,cancelled,2026-01-15T00:00:00Z
TXN0842,C243,1383.75,P013,2024-08-19,completed,2026-01-15T00:00:00Z
TXN0843,C210,7647.74,P001,2024-10-03,cancelled,2026-01-15T00:00:00Z
TXN0844,C114,7426.24,P013,2024-07-28,completed,2026-01-15T00:00:00Z
TXN0845,C091,9271.75,P029,2025-09-23,cancelled,2026-01-15T00:00:00Z
TXN0846,C353,3255.7,P030,2024-09-09,cancelled,2026-01-15T00:00:00Z
TXN0847,C208,7764.38,P039,2025-01-24,refunded,2026-01-15T00:00:00Z
TXN0848,C202,6118.93,P048,2025-08-08,completed,2026-01-15T00:00:00Z
TXN0849,C267,1102.07,P030,2024-02-13,pending,2026-01-15T00:00:00Z
TXN0850,C266,5383.31,P048,2024-02-10,cancelled,2026-01-15T00:00:00Z
TXN0851,C265,7653.94,P004,2024-07-13,refunded,2026-01-15T00:00:00Z
TXN0852,C226,3986.41,P020,2024-10-19,cancelled,2026-01-15T00:00:00Z
TXN0853,C086,4230.39,P040,2024-02-25,pending,2026-01-15T00:00:00Z
TXN0854,C238,8300.63,P029,2024-04-02,completed,2026-01-15T00:00:00Z
TXN0855,C093,7789.52,P045,2025-07-13,pending,2026-01-15T00:00:00Z
TXN0856,C202,4141.45,P029,2024-01-26,pending,2026-01-15T00:00:00Z
TXN0857,C233,5907.25,P046,2024-07-25,cancelled,2026-01-15T00:00:00Z
TXN0858,C047,2508.32,P045,2025-10-26,pending,2026-01-15T00:00:00Z
TXN0859,C368,7335.28,P006,2024-04-26,cancelled,2026-01-15T00:00:00Z
TXN0860,C325,3635.8,P034,2025-12-25,cancelled,2026-01-15T00:00:00Z
TXN0861,C373,7912.75,P033,2025-09-18,pending,2026-01-15T00:00:00Z
TXN0862,C194,5507.95,P003,2024-06-23,refunded,2026-01-15T00:00:00Z
TXN0863,C290,8714.33,P010,2024-06-15,pending,2026-01-15T00:00:00Z
TXN0864,C092,7693.87,P004,2025-03-05,refunded,2026-01-15T00:00:00Z
TXN0865,C159,7304.31,P029,2024-10-22,pending,2026-01-15T00:00:00Z
TXN0866,C061,8986.42,P013,2024-01-04,refunded,2026-01-15T00:00:00Z
TXN0867,C007,4591.84,P032,2025-07-10,completed,2026-01-15T00:00:00Z
TXN0868,C312,8828.19,P016,2024-08-10,cancelled,2026-01-15T00:00:00Z
TXN0869,C233,4107.41,P006,2025-09-07,completed,2026-01-15T00:00:00Z
TXN0870,C126,8822.85,P018,2025-09-26,pending,2026-01-15T00:00:00Z
TXN0871,C026,1856.55,P004,2025-10-30,refunded,2026-01-15T00:00:00Z
TXN0872,C019,1462.29,P003,2025-11-14,refunded,2026-01-15T00:00:00Z
TXN0873,C170,9204.63,P004,2024-04-21,cancelled,2026-01-15T00:00:00Z
TXN0874,C092,1621.74,P019,2025-09-17,pending,2026-01-15T00:00:00Z
TXN0875,C495,4558.82,P038,2025-01-03,completed,2026-01-15T00:00:00Z
TXN0876,C048,7687.43,P021,2025-01-12,cancelled,2026-01-15T00:00:00Z
TXN0877,C420,685.99,P028,2025-07-17,completed,2026-01-15T00:00:00Z
TXN0878,C150,4713.46,P008,2025-12-12,refunded,2026-01-15T00:00:00Z
TXN0879,C169,5275.25,P034,2024-08-02,pending,2026-01-15T00:00:00Z
TXN0880,C314,591.26,P037,2025-10-06,completed,2026-01-15T00:00:00Z
TXN0881,C248,7243.49,P039,2025-12-24,refunded,2026-01-15T00:00:00Z
TXN0882,C219,6092.35,P021,2024-09-22,refunded,2026-01-15T00:00:00Z
TXN0883,C475,1305.83,P037,2025-05-23,cancelled,2026-01-15T00:00:00Z
TXN0884,C253,8081.72,P040,2024-08-26,refunded,2026-01-15T00:00:00Z
TXN0885,C100,25.79,P002,2025-04-21,completed,2026-01-15T00:00:00Z
TXN0886,C378,8482.21,P040,2025-02-28,cancelled,2026-01-15T00:00:00Z
TXN0887,C024,3344.58,P036,2025-10-14,pending,2026-01-15T00:00:00Z
TXN0888,C006,6409.77,P045,2024-10-15,refunded,2026-01-15T00:00:00Z
TXN0889,C405,687.68,P020,2025-06-02,refunded,2026-01-15T00:00:00Z
TXN0890,C393,71.25,P044,2024-12-07,refunded,2026-01-15T00:00:00Z
TXN0891,C203,7246.72,P040,2024-01-30,pending,2026-01-15T00:00:00Z
TXN0892,C100,3311.84,P022,2025-11-19,cancelled,2026-01-15T00:00:00Z
TXN0893,C470,4750.25,P003,2025-10-23,pending,2026-01-15T00:00:00Z
TXN0894,C247,1562.31,P030,2025-07-03,refunded,2026-01-15T00:00:00Z
TXN0895,C237,7842.04,P027,2024-02-27,refunded,2026-01-15T00:00:00Z
TXN0896,C290,7252.38,P021,2025-07-22,completed,2026-01-15T00:00:00Z
TXN0897,C107,5778.2,P022,2024-12-28,completed,2026-01-15T00:00:00Z
TXN0898,C497,1501.55,P002,2024-12-13,cancelled,2026-01-15T00:00:00Z
TXN0899,C321,5347.38,P011,2025-08-07,cancelled,2026-01-15T00:00:00Z
TXN0900,C096,5955.96,P049,2024-11-11,refunded,2026-01-15T00:00:00Z
TXN0901,C364,325.97,P027,2024-03-29,cancelled,2026-01-15T00:00:00Z
TXN0902,C450,2384.04,P029,2024-11-05,pending,2026-01-15T00:00:00Z
TXN0903,C269,3030.16,P008,2025-01-18,completed,2026-01-15T00:00:00Z
TXN0904,C399,2028.96,P006,2025-03-30,completed,2026-01-15T00:00:00Z
TXN0905,C410,4831.8,P033,2024-06-06,pending,2026-01-15T00:00:00Z
TXN0906,C175,9237.12,P047,2025-06-20,refunded,2026-01-15T00:00:00Z
TXN0907,C398,3280.1,P050,2024-04-10,pending,2026-01-15T00:00:00Z
TXN0908,C106,7248.45,P030,2025-01-31,completed,2026-01-15T00:00:00Z
TXN0909,C003,3116.7,P003,2025-12-04,completed,2026-01-15T00:00:00Z
TXN0910,C171,4674.09,P003,2024-04-15,refunded,2026-01-15T00:00:00Z
TXN0911,C012,5779.82,P020,2025-10-16,pending,2026-01-15T00:00:00Z
TXN0912,C165,2013.55,P019,2024-10-10,refunded,2026-01-15T00:00:00Z
TXN0913,C396,4416.74,P008,2024-10-06,pending,2026-01-15T00:00:00Z
TXN0914,C081,2743.63,P001,2025-09-29,completed,2026-01-15T00:00:00Z
TXN0915,C106,5429.86,P036,2024-11-22,refunded,2026-01-15T00:00:00Z
TXN0916,C073,9433.34,P019,2025-08-10,pending,2026-01-15T00:00:00Z
TXN0917,C088,721.72,P040,2024-12-12,cancelled,2026-01-15T00:00:00Z
TXN0918,C026,1309.44,P031,2025-11-22,completed,2026-01-15T00:00:00Z
TXN0919,C055,3842.16,P006,2025-03-12,cancelled,2026-01-15T00:00:00Z
TXN0920,C092,7049.72,P038,2025-10-06,cancelled,2026-01-15T00:00:00Z
TXN0921,C316,3562.68,P022,2024-07-21,completed,2026-01-15T00:00:00Z
TXN0922,C499,9228.6,P049,2025-04-21,pending,2026-01-15T00:00:00Z
TXN0923,C048,8130.37,P045,2025-04-24,completed,2026-01-15T00:00:00Z
TXN0924,C234,3110.81,P042,2025-12-28,cancelled,2026-01-15T00:00:00Z
TXN0925,C241,2324.62,P015,2024-05-27,refunded,2026-01-15T00:00:00Z
TXN0926,C468,3640.86,P012,2025-12-17,refunded,2026-01-15T00:00:00Z
TXN0927,C404,8609.3,P021,2025-04-09,cancelled,2026-01-15T00:00:00Z
TXN0928,C016,663.0,P008,2024-12-25,cancelled,2026-01-15T00:00:00Z
TXN0929,C237,8459.2,P019,2024-12-22,pending,2026-01-15T00:00:00Z
TXN0930,C261,1038.29,P046,2024-04-19,refunded,2026-01-15T00:00:00Z
TXN0931,C285,6498.01,P020,2025-06-29,cancelled,2026-01-15T00:00:00Z
TXN0932,C206,5909.45,P016,2025-09-27,pending,2026-01-15T00:00:00Z
TXN0933,C281,1598.61,P031,2025-01-28,completed,2026-01-15T00:00:00Z
TXN0934,C175,2090.3,P045,2025-08-28,cancelled,2026-01-15T00:00:00Z
TXN0935,C402,9802.24,P037,2024-12-16,pending,2026-01-15T00:00:00Z
TXN0936,C089,6629.49,P005,2025-12-29,cancelled,2026-01-15T00:00:00Z
TXN0937,C059,5925.7,P030,2024-11-29,completed,2026-01-15T00:00:00Z
TXN0938,C421,4457.71,P020,2025-02-19,completed,2026-01-15T00:00:00Z
TXN0939,C307,1096.36,P039,2025-01-23,refunded,2026-01-15T00:00:00Z
TXN0940,C254,6453.43,P004,2024-04-02,pending,2026-01-15T00:00:00Z
TXN0941,C419,1397.78,P038,2025-10-13,completed,2026-01-15T00:00:00Z
TXN0942,C388,1475.78,P010,2025-04-08,refunded,2026-01-15T00:00:00Z
TXN0943,C200,6159.56,P029,2024-07-19,pending,2026-01-15T00:00:00Z
TXN0944,C349,8775.47,P020,2025-08-06,refunded,2026-01-15T00:00:00Z
TXN0945,C471,9433.89,P028,2024-12-18,completed,2026-01-15T00:00:00Z
TXN0946,C299,91.11,P033,2025-02-17,pending,2026-01-15T00:00:00Z
TXN0947,C437,2948.9,P024,2025-07-16,completed,2026-01-15T00:00:00Z
TXN0948,C001,7036.5,P023,2024-04-22,refunded,2026-01-15T00:00:00Z
TXN0949,C444,321.54,P028,2025-12-20,cancelled,2026-01-15T00:00:00Z
TXN0950,C321,3188.09,P025,2025-02-19,cancelled,2026-01-15T00:00:00Z
TXN0951,C223,5455.73,P043,2024-06-26,cancelled,2026-01-15T00:00:00Z
TXN0952,C072,1890.38,P025,2025-01-03,cancelled,2026-01-15T00:00:00Z
TXN0953,C079,2891.82,P043,2024-05-08,pending,2026-01-15T00:00:00Z
TXN0954,C006,726.74,P002,2024-05-27,cancelled,2026-01-15T00:00:00Z
TXN0955,C337,4372.98,P009,2024-03-27,pending,2026-01-15T00:00:00Z
TXN0956,C329,8061.35,P030,2025-12-13,cancelled,2026-01-15T00:00:00Z
TXN0957,C320,1806.17,P033,2025-03-10,cancelled,2026-01-15T00:00:00Z
TXN0958,C197,3559.52,P012,2025-03-10,completed,2026-01-15T00:00:00Z
TXN0959,C296,4986.58,P047,2024-08-30,refunded,2026-01-15T00:00:00Z
TXN0960,C211,9266.37,P037,2025-01-10,completed,2026-01-15T00:00:00Z
TXN0961,C020,5685.81,P046,2025-01-12,completed,2026-01-15T00:00:00Z
TXN0962,C298,4820.51,P045,2024-03-22,pending,2026-01-15T00:00:00Z
TXN0963,C374,7315.61,P049,2024-10-13,cancelled,2026-01-15T00:00:00Z
TXN0964,C265,791.56,P040,2024-03-31,pending,2026-01-15T00:00:00Z
TXN0965,C242,6310.32,P043,2025-11-15,completed,2026-01-15T00:00:00Z
TXN0966,C351,6340.53,P038,2024-11-15,completed,2026-01-15T00:00:00Z
TXN0967,C463,3442.02,P050,2024-01-12,cancelled,2026-01-15T00:00:00Z
TXN0968,C233,5131.5,P031,2025-08-10,refunded,2026-01-15T00:00:00Z
TXN0969,C216,3535.61,P019,2024-10-23,pending,2026-01-15T00:00:00Z
TXN0970,C019,6953.55,P039,2024-11-07,refunded,2026-01-15T00:00:00Z
TXN0971,C032,6296.7,P038,2024-06-22,completed,2026-01-15T00:00:00Z
TXN0972,C337,9903.73,P048,2025-10-01,completed,2026-01-15T00:00:00Z
TXN0973,C147,4852.75,P009,2025-06-01,completed,2026-01-15T00:00:00Z
TXN0974,C436,7839.78,P017,2024-05-15,refunded,2026-01-15T00:00:00Z
TXN0975,C141,8580.0,P001,2024-04-24,pending,2026-01-15T00:00:00Z
TXN0976,C466,5921.78,P010,2025-11-05,cancelled,2026-01-15T00:00:00Z
TXN0977,C190,8080.32,P017,2025-12-18,pending,2026-01-15T00:00:00Z
TXN0978,C249,1816.28,P034,2024-02-03,refunded,2026-01-15T00:00:00Z
TXN0979,C044,9673.77,P039,2024-06-06,cancelled,2026-01-15T00:00:00Z
TXN0980,C386,9935.91,P050,2025-01-27,pending,2026-01-15T00:00:00Z
TXN0981,C339,4407.44,P041,2024-06-20,pending,2026-01-15T00:00:00Z
TXN0982,C296,7346.26,P023,2024-02-25,refunded,2026-01-15T00:00:00Z
TXN0983,C387,8197.11,P004,2024-06-20,cancelled,2026-01-15T00:00:00Z
TXN0984,C205,4767.55,P031,2025-06-29,pending,2026-01-15T00:00:00Z
TXN0985,C195,6838.26,P025,2025-04-30,refunded,2026-01-15T00:00:00Z
TXN0986,C075,5309.11,P028,2024-01-13,refunded,2026-01-15T00:00:00Z
TXN0987,C475,7975.11,P025,2025-11-25,refunded,2026-01-15T00:00:00Z
TXN0988,C493,5307.23,P003,2024-04-09,refunded,2026-01-15T00:00:00Z
TXN0989,C490,8443.94,P040,2025-10-29,refunded,2026-01-15T00:00:00Z
TXN0990,C172,2710.56,P007,2024-09-18,cancelled,2026-01-15T00:00:00Z
TXN0991,C237,7733.77,P048,2024-09-04,pending,2026-01-15T00:00:00Z
TXN0992,C267,3380.69,P045,2024-07-03,refunded,2026-01-15T00:00:00Z
TXN0993,C281,115.67,P001,2024-03-10,completed,2026-01-15T00:00:00Z
TXN0994,C211,986.01,P007,2025-12-02,cancelled,2026-01-15T00:00:00Z
TXN0995,C180,2201.97,P019,2024-09-14,pending,2026-01-15T00:00:00Z
TXN0996,C018,246.77,P006,2024-02-28,pending,2026-01-15T00:00:00Z
TXN0997,C487,5997.85,P008,2025-12-26,completed,2026-01-15T00:00:00Z
TXN0998,C045,8565.84,P009,2025-01-19,pending,2026-01-15T00:00:00Z
TXN0999,C459,1117.34,P012,2024-09-16,refunded,2026-01-15T00:00:00Z
TXN1000,C240,6608.17,P005,2025-10-16,cancelled,2026-01-15T00:00:00Z
