instrument_id,date,close_price,volume,volatility,_loaded_at
INST001,2025-10-01,2043.27,9093781,0.5643,2026-01-15T00:00:00Z
INST002,2025-10-02,584.16,6369108,0.1879,2026-01-15T00:00:00Z
INST003,2025-10-03,146.46,1958071,0.4593,2026-01-15T00:00:00Z
INST004,2025-10-04,501.80,8619677,0.5542,2026-01-15T00:00:00Z
INST005,2025-10-05,1515.61,6349944,0.4769,2026-01-15T00:00:00Z
INST006,2025-10-06,3830.71,5472383,0.2930,2026-01-15T00:00:00Z
INST007,2025-10-07,1694.77,4744415,0.4976,2026-01-15T00:00:00Z
INST008,2025-10-08,560.94,1176523,0.4750,2026-01-15T00:00:00Z
INST009,2025-10-09,1350.74,5293011,0.0951,2026-01-15T00:00:00Z
INST010,2025-10-10,3126.96,4861478,0.0377,2026-01-15T00:00:00Z
INST011,2025-10-11,1930.01,8008445,0.3861,2026-01-15T00:00:00Z
INST012,2025-10-12,953.71,2182753,0.2141,2026-01-15T00:00:00Z
INST013,2025-10-13,1240.58,826518,0.0443,2026-01-15T00:00:00Z
INST014,2025-10-14,4802.90,7321990,0.5708,2026-01-15T00:00:00Z
INST015,2025-10-15,3693.29,5514879,0.3019,2026-01-15T00:00:00Z
INST016,2025-10-16,2354.92,7611642,0.4761,2026-01-15T00:00:00Z
INST017,2025-10-17,2703.11,3914478,0.3919,2026-01-15T00:00:00Z
INST018,2025-10-18,4967.56,5804362,0.4968,2026-01-15T00:00:00Z
INST019,2025-10-19,4866.76,732875,0.2296,2026-01-15T00:00:00Z
INST020,2025-10-20,47.44,245753,0.4682,2026-01-15T00:00:00Z
INST021,2025-10-21,3019.54,9329099,0.4391,2026-01-15T00:00:00Z
INST022,2025-10-22,4973.33,5985063,0.4551,2026-01-15T00:00:00Z
INST023,2025-10-23,2023.25,6056620,0.2787,2026-01-15T00:00:00Z
INST024,2025-10-24,4190.44,995427,0.7991,2026-01-15T00:00:00Z
INST025,2025-10-25,3803.81,7952483,0.1068,2026-01-15T00:00:00Z
INST026,2025-10-26,898.02,91543,0.4995,2026-01-15T00:00:00Z
INST027,2025-10-27,1469.20,1058974,0.2249,2026-01-15T00:00:00Z
INST028,2025-10-28,34.69,4596487,0.1509,2026-01-15T00:00:00Z
INST029,2025-10-29,2618.98,3232774,0.6879,2026-01-15T00:00:00Z
INST030,2025-10-30,4895.24,1020771,0.2307,2026-01-15T00:00:00Z
INST031,2025-10-31,4804.69,4406095,0.7791,2026-01-15T00:00:00Z
INST032,2025-11-01,4982.90,5535862,0.4416,2026-01-15T00:00:00Z
INST033,2025-11-02,2438.77,4768055,0.3980,2026-01-15T00:00:00Z
INST034,2025-11-03,2006.41,5070166,0.4422,2026-01-15T00:00:00Z
INST035,2025-11-04,4714.33,1221932,0.2607,2026-01-15T00:00:00Z
INST036,2025-11-05,659.42,2221080,0.5293,2026-01-15T00:00:00Z
INST037,2025-11-06,372.73,7410243,0.3228,2026-01-15T00:00:00Z
INST038,2025-11-07,1726.66,7441193,0.0765,2026-01-15T00:00:00Z
INST039,2025-11-08,4511.56,2240500,0.2301,2026-01-15T00:00:00Z
INST040,2025-11-09,2667.54,6074377,0.2021,2026-01-15T00:00:00Z
INST041,2025-11-10,3507.01,9397186,0.3953,2026-01-15T00:00:00Z
INST042,2025-11-11,2522.40,6920617,0.5566,2026-01-15T00:00:00Z
INST043,2025-11-12,4945.90,7594879,0.2076,2026-01-15T00:00:00Z
INST044,2025-11-13,1159.51,6137493,0.4268,2026-01-15T00:00:00Z
INST045,2025-11-14,1596.21,5460821,0.7315,2026-01-15T00:00:00Z
INST046,2025-11-15,728.23,81354,0.0724,2026-01-15T00:00:00Z
INST047,2025-11-16,4560.31,6753658,0.3119,2026-01-15T00:00:00Z
INST048,2025-11-17,4813.21,8517423,0.3647,2026-01-15T00:00:00Z
INST049,2025-11-18,1104.18,2477195,0.5913,2026-01-15T00:00:00Z
INST050,2025-11-19,26.50,5222691,0.0209,2026-01-15T00:00:00Z
INST051,2025-11-20,3486.32,2171260,0.1416,2026-01-15T00:00:00Z
INST052,2025-11-21,2718.59,1296401,0.1053,2026-01-15T00:00:00Z
INST053,2025-11-22,1957.49,8413653,0.0504,2026-01-15T00:00:00Z
INST054,2025-11-23,4405.06,6759335,0.1113,2026-01-15T00:00:00Z
INST055,2025-11-24,4600.96,2713656,0.5463,2026-01-15T00:00:00Z
INST056,2025-11-25,3445.57,5400422,0.4381,2026-01-15T00:00:00Z
INST057,2025-11-26,4685.50,4844842,0.0229,2026-01-15T00:00:00Z
INST058,2025-11-27,3978.61,1966486,0.1639,2026-01-15T00:00:00Z
INST059,2025-11-28,829.91,2910838,0.4543,2026-01-15T00:00:00Z
INST060,2025-11-29,4288.93,2646544,0.7180,2026-01-15T00:00:00Z
INST061,2025-11-30,3490.30,4581742,0.7111,2026-01-15T00:00:00Z
INST062,2025-12-01,4131.57,4166379,0.4724,2026-01-15T00:00:00Z
INST063,2025-12-02,4814.99,5026925,0.2181,2026-01-15T00:00:00Z
INST064,2025-12-03,2023.56,2742074,0.5314,2026-01-15T00:00:00Z
INST065,2025-12-04,860.76,2999412,0.2347,2026-01-15T00:00:00Z
INST066,2025-12-05,4568.31,8180839,0.3832,2026-01-15T00:00:00Z
INST067,2025-12-06,3945.19,9693491,0.7036,2026-01-15T00:00:00Z
INST068,2025-12-07,2482.14,6341478,0.3896,2026-01-15T00:00:00Z
INST069,2025-12-08,561.90,4675332,0.4712,2026-01-15T00:00:00Z
INST070,2025-12-09,1259.60,3776098,0.3895,2026-01-15T00:00:00Z
INST071,2025-12-10,3207.71,2922848,0.2825,2026-01-15T00:00:00Z
INST072,2025-12-11,1818.98,7124262,0.3492,2026-01-15T00:00:00Z
INST073,2025-12-12,165.98,4580992,0.4357,2026-01-15T00:00:00Z
INST074,2025-12-13,3509.87,1634027,0.0136,2026-01-15T00:00:00Z
INST075,2025-12-14,4012.75,5062989,0.0254,2026-01-15T00:00:00Z
INST076,2025-12-15,3867.49,3539865,0.5350,2026-01-15T00:00:00Z
INST077,2025-12-16,1621.90,5699666,0.3605,2026-01-15T00:00:00Z
INST078,2025-12-17,4736.30,9611483,0.4772,2026-01-15T00:00:00Z
INST079,2025-12-18,1462.21,3732947,0.6089,2026-01-15T00:00:00Z
INST080,2025-12-19,1703.31,157940,0.7547,2026-01-15T00:00:00Z
INST081,2025-12-20,845.96,8007973,0.0483,2026-01-15T00:00:00Z
INST082,2025-12-21,3463.36,5198676,0.3126,2026-01-15T00:00:00Z
INST083,2025-12-22,811.42,4346274,0.0589,2026-01-15T00:00:00Z
INST084,2025-12-23,1154.96,449938,0.2927,2026-01-15T00:00:00Z
INST085,2025-12-24,4813.99,882149,0.0531,2026-01-15T00:00:00Z
INST086,2025-12-25,2760.18,9359608,0.2783,2026-01-15T00:00:00Z
INST087,2025-12-26,3272.31,1877609,0.7558,2026-01-15T00:00:00Z
INST088,2025-12-27,1660.19,3841849,0.6937,2026-01-15T00:00:00Z
INST089,2025-12-28,3519.97,8176038,0.0337,2026-01-15T00:00:00Z
INST090,2025-12-29,52.17,265536,0.6643,2026-01-15T00:00:00Z
INST091,2025-12-30,2790.70,1508905,0.0993,2026-01-15T00:00:00Z
INST092,2025-12-31,3982.98,3683212,0.5085,2026-01-15T00:00:00Z
INST093,2025-10-01,2890.15,7283604,0.4512,2026-01-15T00:00:00Z
INST094,2025-10-02,269.25,8104189,0.7423,2026-01-15T00:00:00Z
INST095,2025-10-03,2954.26,3595832,0.7868,2026-01-15T00:00:00Z
INST096,2025-10-04,2664.96,1891402,0.5211,2026-01-15T00:00:00Z
INST097,2025-10-05,3868.34,2242968,0.1741,2026-01-15T00:00:00Z
INST098,2025-10-06,1277.77,4616947,0.2306,2026-01-15T00:00:00Z
INST099,2025-10-07,4034.54,8988477,0.2814,2026-01-15T00:00:00Z
INST100,2025-10-08,3094.54,6403963,0.5599,2026-01-15T00:00:00Z
INST001,2025-10-09,133.73,3293310,0.3431,2026-01-15T00:00:00Z
INST002,2025-10-10,3503.03,7531348,0.3261,2026-01-15T00:00:00Z
INST003,2025-10-11,69.68,4144838,0.1654,2026-01-15T00:00:00Z
INST004,2025-10-12,3790.47,5354196,0.3471,2026-01-15T00:00:00Z
INST005,2025-10-13,2105.08,5528455,0.7035,2026-01-15T00:00:00Z
INST006,2025-10-14,1953.93,7858337,0.5108,2026-01-15T00:00:00Z
INST007,2025-10-15,2688.16,9864525,0.2998,2026-01-15T00:00:00Z
INST008,2025-10-16,4207.47,8094890,0.6124,2026-01-15T00:00:00Z
INST009,2025-10-17,3568.07,1792958,0.7704,2026-01-15T00:00:00Z
INST010,2025-10-18,1532.98,4839117,0.4582,2026-01-15T00:00:00Z
INST011,2025-10-19,2656.68,3570719,0.3698,2026-01-15T00:00:00Z
INST012,2025-10-20,3074.76,3148613,0.3970,2026-01-15T00:00:00Z
INST013,2025-10-21,1196.20,3805155,0.2674,2026-01-15T00:00:00Z
INST014,2025-10-22,1374.91,373673,0.4340,2026-01-15T00:00:00Z
INST015,2025-10-23,2071.22,7914871,0.4515,2026-01-15T00:00:00Z
INST016,2025-10-24,3891.87,4034470,0.4886,2026-01-15T00:00:00Z
INST017,2025-10-25,1167.44,8945445,0.7012,2026-01-15T00:00:00Z
INST018,2025-10-26,2426.42,5048165,0.4592,2026-01-15T00:00:00Z
INST019,2025-10-27,721.84,6641745,0.2480,2026-01-15T00:00:00Z
INST020,2025-10-28,4617.14,9220209,0.4974,2026-01-15T00:00:00Z
INST021,2025-10-29,1851.56,692743,0.3042,2026-01-15T00:00:00Z
INST022,2025-10-30,390.88,769322,0.6244,2026-01-15T00:00:00Z
INST023,2025-10-31,4935.38,9210825,0.2853,2026-01-15T00:00:00Z
INST024,2025-11-01,114.04,6723953,0.4449,2026-01-15T00:00:00Z
INST025,2025-11-02,4955.25,8371388,0.2869,2026-01-15T00:00:00Z
INST026,2025-11-03,4769.92,197552,0.7176,2026-01-15T00:00:00Z
INST027,2025-11-04,1295.28,7006939,0.0372,2026-01-15T00:00:00Z
INST028,2025-11-05,1321.96,1146988,0.0100,2026-01-15T00:00:00Z
INST029,2025-11-06,1951.60,4329644,0.0192,2026-01-15T00:00:00Z
INST030,2025-11-07,513.15,7719592,0.5061,2026-01-15T00:00:00Z
INST031,2025-11-08,1281.51,3192312,0.2529,2026-01-15T00:00:00Z
INST032,2025-11-09,164.06,2985830,0.2872,2026-01-15T00:00:00Z
INST033,2025-11-10,4291.44,4779511,0.3515,2026-01-15T00:00:00Z
INST034,2025-11-11,430.44,5024684,0.0223,2026-01-15T00:00:00Z
INST035,2025-11-12,4654.59,3330844,0.1014,2026-01-15T00:00:00Z
INST036,2025-11-13,3169.59,6366673,0.3640,2026-01-15T00:00:00Z
INST037,2025-11-14,2547.79,4072916,0.1613,2026-01-15T00:00:00Z
INST038,2025-11-15,3528.93,6199082,0.3172,2026-01-15T00:00:00Z
INST039,2025-11-16,3881.52,2560367,0.2574,2026-01-15T00:00:00Z
INST040,2025-11-17,2587.79,4930022,0.4227,2026-01-15T00:00:00Z
INST041,2025-11-18,247.28,4002127,0.4806,2026-01-15T00:00:00Z
INST042,2025-11-19,2129.06,285377,0.5556,2026-01-15T00:00:00Z
INST043,2025-11-20,4800.36,1670046,0.2793,2026-01-15T00:00:00Z
INST044,2025-11-21,4159.98,7606319,0.5348,2026-01-15T00:00:00Z
INST045,2025-11-22,3365.22,5207628,0.1056,2026-01-15T00:00:00Z
INST046,2025-11-23,4592.85,860952,0.1258,2026-01-15T00:00:00Z
INST047,2025-11-24,391.93,1526332,0.0460,2026-01-15T00:00:00Z
INST048,2025-11-25,632.69,4273892,0.5074,2026-01-15T00:00:00Z
INST049,2025-11-26,1890.39,951494,0.5738,2026-01-15T00:00:00Z
INST050,2025-11-27,991.84,522747,0.7952,2026-01-15T00:00:00Z
INST051,2025-11-28,2765.82,7223939,0.7060,2026-01-15T00:00:00Z
INST052,2025-11-29,179.06,2038499,0.3699,2026-01-15T00:00:00Z
INST053,2025-11-30,2334.30,9014295,0.7470,2026-01-15T00:00:00Z
INST054,2025-12-01,4824.51,3461814,0.2956,2026-01-15T00:00:00Z
INST055,2025-12-02,651.68,1364860,0.4008,2026-01-15T00:00:00Z
INST056,2025-12-03,241.00,4038682,0.6762,2026-01-15T00:00:00Z
INST057,2025-12-04,3441.98,6968107,0.2889,2026-01-15T00:00:00Z
INST058,2025-12-05,3899.91,9229775,0.2372,2026-01-15T00:00:00Z
INST059,2025-12-06,3760.08,2553665,0.2987,2026-01-15T00:00:00Z
INST060,2025-12-07,846.56,2422104,0.2766,2026-01-15T00:00:00Z
INST061,2025-12-08,1334.68,529978,0.1756,2026-01-15T00:00:00Z
INST062,2025-12-09,2778.99,439755,0.5300,2026-01-15T00:00:00Z
INST063,2025-12-10,2162.11,9893326,0.3310,2026-01-15T00:00:00Z
INST064,2025-12-11,2172.06,646040,0.3190,2026-01-15T00:00:00Z
INST065,2025-12-12,3738.73,7443236,0.6772,2026-01-15T00:00:00Z
INST066,2025-12-13,3349.37,3844597,0.7315,2026-01-15T00:00:00Z
INST067,2025-12-14,215.95,1454525,0.5985,2026-01-15T00:00:00Z
INST068,2025-12-15,1037.12,1201373,0.4887,2026-01-15T00:00:00Z
INST069,2025-12-16,3960.76,283179,0.2188,2026-01-15T00:00:00Z
INST070,2025-12-17,3259.96,2065938,0.4866,2026-01-15T00:00:00Z
INST071,2025-12-18,3224.39,4573577,0.7883,2026-01-15T00:00:00Z
INST072,2025-12-19,719.90,4833343,0.5522,2026-01-15T00:00:00Z
INST073,2025-12-20,3114.37,1167607,0.1353,2026-01-15T00:00:00Z
INST074,2025-12-21,3649.32,4374092,0.2558,2026-01-15T00:00:00Z
INST075,2025-12-22,3659.42,1436889,0.6503,2026-01-15T00:00:00Z
INST076,2025-12-23,692.42,1736341,0.4241,2026-01-15T00:00:00Z
INST077,2025-12-24,4742.01,544320,0.3197,2026-01-15T00:00:00Z
INST078,2025-12-25,3610.30,4163331,0.5005,2026-01-15T00:00:00Z
INST079,2025-12-26,3169.77,4110877,0.0558,2026-01-15T00:00:00Z
INST080,2025-12-27,1441.13,9755994,0.6022,2026-01-15T00:00:00Z
INST081,2025-12-28,3951.56,3975327,0.6264,2026-01-15T00:00:00Z
INST082,2025-12-29,1579.23,990685,0.5936,2026-01-15T00:00:00Z
INST083,2025-12-30,3704.30,6953940,0.1834,2026-01-15T00:00:00Z
INST084,2025-12-31,2360.09,898074,0.4967,2026-01-15T00:00:00Z
INST085,2025-10-01,726.71,4082327,0.0378,2026-01-15T00:00:00Z
INST086,2025-10-02,55.27,5004157,0.4705,2026-01-15T00:00:00Z
INST087,2025-10-03,19.95,7033514,0.5914,2026-01-15T00:00:00Z
INST088,2025-10-04,2175.75,9627013,0.3519,2026-01-15T00:00:00Z
INST089,2025-10-05,2715.89,6538410,0.2968,2026-01-15T00:00:00Z
INST090,2025-10-06,4677.49,8653952,0.3335,2026-01-15T00:00:00Z
INST091,2025-10-07,4806.34,961535,0.6720,2026-01-15T00:00:00Z
INST092,2025-10-08,2004.93,8176052,0.6015,2026-01-15T00:00:00Z
INST093,2025-10-09,3957.96,6937769,0.3539,2026-01-15T00:00:00Z
INST094,2025-10-10,1188.81,6969869,0.5765,2026-01-15T00:00:00Z
INST095,2025-10-11,3359.71,2669278,0.6483,2026-01-15T00:00:00Z
INST096,2025-10-12,4029.47,1909328,0.6632,2026-01-15T00:00:00Z
INST097,2025-10-13,3983.43,2905714,0.1231,2026-01-15T00:00:00Z
INST098,2025-10-14,2574.82,1212848,0.7770,2026-01-15T00:00:00Z
INST099,2025-10-15,4939.75,8593514,0.6868,2026-01-15T00:00:00Z
INST100,2025-10-16,4561.22,8572925,0.7927,2026-01-15T00:00:00Z
INST001,2025-10-17,1286.48,8011904,0.6070,2026-01-15T00:00:00Z
INST002,2025-10-18,4034.79,6037387,0.4115,2026-01-15T00:00:00Z
INST003,2025-10-19,401.80,1030199,0.5715,2026-01-15T00:00:00Z
INST004,2025-10-20,925.87,6194217,0.6779,2026-01-15T00:00:00Z
INST005,2025-10-21,876.42,5762443,0.7938,2026-01-15T00:00:00Z
INST006,2025-10-22,2402.99,1526612,0.0284,2026-01-15T00:00:00Z
INST007,2025-10-23,4731.18,2840022,0.6378,2026-01-15T00:00:00Z
INST008,2025-10-24,4057.14,6373137,0.4993,2026-01-15T00:00:00Z
INST009,2025-10-25,2735.23,4937386,0.1639,2026-01-15T00:00:00Z
INST010,2025-10-26,1136.80,6059729,0.2777,2026-01-15T00:00:00Z
INST011,2025-10-27,1980.75,6071312,0.6620,2026-01-15T00:00:00Z
INST012,2025-10-28,520.85,7724787,0.3840,2026-01-15T00:00:00Z
INST013,2025-10-29,2995.37,2269010,0.3738,2026-01-15T00:00:00Z
INST014,2025-10-30,806.54,3227971,0.4471,2026-01-15T00:00:00Z
INST015,2025-10-31,2611.00,1131582,0.3855,2026-01-15T00:00:00Z
INST016,2025-11-01,1131.33,5081226,0.0466,2026-01-15T00:00:00Z
INST017,2025-11-02,3191.25,8392007,0.7293,2026-01-15T00:00:00Z
INST018,2025-11-03,3209.10,3399090,0.2589,2026-01-15T00:00:00Z
INST019,2025-11-04,3009.43,2810763,0.7512,2026-01-15T00:00:00Z
INST020,2025-11-05,1063.64,6860601,0.2721,2026-01-15T00:00:00Z
INST021,2025-11-06,3437.44,2612157,0.3662,2026-01-15T00:00:00Z
INST022,2025-11-07,1913.07,4901693,0.2078,2026-01-15T00:00:00Z
INST023,2025-11-08,2064.90,7280065,0.4363,2026-01-15T00:00:00Z
INST024,2025-11-09,420.80,1233502,0.5770,2026-01-15T00:00:00Z
INST025,2025-11-10,1718.80,8689730,0.4335,2026-01-15T00:00:00Z
INST026,2025-11-11,867.03,4586485,0.1966,2026-01-15T00:00:00Z
INST027,2025-11-12,377.71,4521971,0.7881,2026-01-15T00:00:00Z
INST028,2025-11-13,1163.79,7142218,0.6986,2026-01-15T00:00:00Z
INST029,2025-11-14,1696.29,36782,0.5561,2026-01-15T00:00:00Z
INST030,2025-11-15,3313.54,721638,0.0374,2026-01-15T00:00:00Z
INST031,2025-11-16,2386.69,2528662,0.4910,2026-01-15T00:00:00Z
INST032,2025-11-17,2366.92,6110816,0.6483,2026-01-15T00:00:00Z
INST033,2025-11-18,3160.65,9787434,0.6853,2026-01-15T00:00:00Z
INST034,2025-11-19,134.61,5817901,0.0207,2026-01-15T00:00:00Z
INST035,2025-11-20,4616.78,2286903,0.7230,2026-01-15T00:00:00Z
INST036,2025-11-21,1486.40,8974116,0.7799,2026-01-15T00:00:00Z
INST037,2025-11-22,1294.88,214015,0.7690,2026-01-15T00:00:00Z
INST038,2025-11-23,4902.91,5611528,0.0312,2026-01-15T00:00:00Z
INST039,2025-11-24,1325.44,7164780,0.4945,2026-01-15T00:00:00Z
INST040,2025-11-25,2425.92,8692361,0.1155,2026-01-15T00:00:00Z
INST041,2025-11-26,1613.61,7645193,0.4641,2026-01-15T00:00:00Z
INST042,2025-11-27,4110.42,8950719,0.2060,2026-01-15T00:00:00Z
INST043,2025-11-28,1453.93,5051728,0.3974,2026-01-15T00:00:00Z
INST044,2025-11-29,4397.29,6672261,0.2300,2026-01-15T00:00:00Z
INST045,2025-11-30,1120.44,488178,0.7841,2026-01-15T00:00:00Z
INST046,2025-12-01,35.27,9557325,0.3269,2026-01-15T00:00:00Z
INST047,2025-12-02,3248.15,9923641,0.7207,2026-01-15T00:00:00Z
INST048,2025-12-03,1618.25,9750712,0.1351,2026-01-15T00:00:00Z
INST049,2025-12-04,3314.94,6750139,0.2427,2026-01-15T00:00:00Z
INST050,2025-12-05,863.05,4919192,0.3932,2026-01-15T00:00:00Z
INST051,2025-12-06,507.73,122844,0.5147,2026-01-15T00:00:00Z
INST052,2025-12-07,3946.29,3115090,0.3046,2026-01-15T00:00:00Z
INST053,2025-12-08,3538.17,8422254,0.3338,2026-01-15T00:00:00Z
INST054,2025-12-09,709.89,3434263,0.7490,2026-01-15T00:00:00Z
INST055,2025-12-10,2188.98,1336745,0.7842,2026-01-15T00:00:00Z
INST056,2025-12-11,4321.93,9645255,0.3805,2026-01-15T00:00:00Z
INST057,2025-12-12,3226.32,1534399,0.6287,2026-01-15T00:00:00Z
INST058,2025-12-13,2987.23,9827366,0.0405,2026-01-15T00:00:00Z
INST059,2025-12-14,3084.37,87221,0.2022,2026-01-15T00:00:00Z
INST060,2025-12-15,415.83,2134050,0.1273,2026-01-15T00:00:00Z
INST061,2025-12-16,4989.19,9960998,0.2150,2026-01-15T00:00:00Z
INST062,2025-12-17,2368.61,2285984,0.4564,2026-01-15T00:00:00Z
INST063,2025-12-18,1933.34,6113679,0.7924,2026-01-15T00:00:00Z
INST064,2025-12-19,536.95,4609286,0.3739,2026-01-15T00:00:00Z
INST065,2025-12-20,1618.68,9152953,0.0496,2026-01-15T00:00:00Z
INST066,2025-12-21,4543.56,5809545,0.4201,2026-01-15T00:00:00Z
INST067,2025-12-22,925.63,8560475,0.2256,2026-01-15T00:00:00Z
INST068,2025-12-23,3971.29,1639931,0.1798,2026-01-15T00:00:00Z
INST069,2025-12-24,2898.42,8356146,0.7838,2026-01-15T00:00:00Z
INST070,2025-12-25,2320.65,6969669,0.2405,2026-01-15T00:00:00Z
INST071,2025-12-26,1365.70,646855,0.3228,2026-01-15T00:00:00Z
INST072,2025-12-27,4645.21,3643811,0.3395,2026-01-15T00:00:00Z
INST073,2025-12-28,308.06,1331658,0.2894,2026-01-15T00:00:00Z
INST074,2025-12-29,1637.34,758883,0.2473,2026-01-15T00:00:00Z
INST075,2025-12-30,2318.97,8818779,0.5456,2026-01-15T00:00:00Z
INST076,2025-12-31,204.67,4207816,0.5547,2026-01-15T00:00:00Z
INST077,2025-10-01,804.46,737506,0.2608,2026-01-15T00:00:00Z
INST078,2025-10-02,273.09,962496,0.4139,2026-01-15T00:00:00Z
INST079,2025-10-03,1428.11,2899102,0.3500,2026-01-15T00:00:00Z
INST080,2025-10-04,3370.07,1838465,0.0292,2026-01-15T00:00:00Z
INST081,2025-10-05,2495.35,1403652,0.6683,2026-01-15T00:00:00Z
INST082,2025-10-06,4305.07,6618896,0.0170,2026-01-15T00:00:00Z
INST083,2025-10-07,3491.49,7516261,0.6855,2026-01-15T00:00:00Z
INST084,2025-10-08,837.00,1264709,0.2401,2026-01-15T00:00:00Z
INST085,2025-10-09,140.55,7696765,0.2338,2026-01-15T00:00:00Z
INST086,2025-10-10,231.65,6687440,0.6779,2026-01-15T00:00:00Z
INST087,2025-10-11,604.19,1868613,0.7290,2026-01-15T00:00:00Z
INST088,2025-10-12,1979.33,3355945,0.2931,2026-01-15T00:00:00Z
INST089,2025-10-13,4732.63,8409918,0.4081,2026-01-15T00:00:00Z
INST090,2025-10-14,2919.74,3925617,0.2868,2026-01-15T00:00:00Z
INST091,2025-10-15,2532.66,4023840,0.0670,2026-01-15T00:00:00Z
INST092,2025-10-16,2332.42,8297816,0.1607,2026-01-15T00:00:00Z
INST093,2025-10-17,3260.29,3299415,0.4679,2026-01-15T00:00:00Z
INST094,2025-10-18,2290.60,1445448,0.7004,2026-01-15T00:00:00Z
INST095,2025-10-19,2688.51,5425473,0.5031,2026-01-15T00:00:00Z
INST096,2025-10-20,3756.28,4577140,0.7172,2026-01-15T00:00:00Z
INST097,2025-10-21,4452.04,9611595,0.5560,2026-01-15T00:00:00Z
INST098,2025-10-22,2578.62,688131,0.0275,2026-01-15T00:00:00Z
INST099,2025-10-23,3156.95,7922694,0.2512,2026-01-15T00:00:00Z
INST100,2025-10-24,1805.65,3918063,0.6185,2026-01-15T00:00:00Z
INST001,2025-10-25,1461.01,2685134,0.5000,2026-01-15T00:00:00Z
INST002,2025-10-26,3042.89,1879279,0.4893,2026-01-15T00:00:00Z
INST003,2025-10-27,4276.83,6777697,0.7311,2026-01-15T00:00:00Z
INST004,2025-10-28,2644.67,2953611,0.0380,2026-01-15T00:00:00Z
INST005,2025-10-29,2476.80,5949958,0.2688,2026-01-15T00:00:00Z
INST006,2025-10-30,1530.44,5528796,0.2031,2026-01-15T00:00:00Z
INST007,2025-10-31,3479.07,5190545,0.6637,2026-01-15T00:00:00Z
INST008,2025-11-01,61.56,521552,0.6356,2026-01-15T00:00:00Z
INST009,2025-11-02,328.29,3185872,0.1695,2026-01-15T00:00:00Z
INST010,2025-11-03,4585.56,4146438,0.1415,2026-01-15T00:00:00Z
INST011,2025-11-04,2987.97,5254152,0.1867,2026-01-15T00:00:00Z
INST012,2025-11-05,1362.57,5050605,0.0869,2026-01-15T00:00:00Z
INST013,2025-11-06,2896.57,1490746,0.3720,2026-01-15T00:00:00Z
INST014,2025-11-07,4244.94,5631646,0.4447,2026-01-15T00:00:00Z
INST015,2025-11-08,2522.29,5529781,0.0322,2026-01-15T00:00:00Z
INST016,2025-11-09,4763.33,2122554,0.2521,2026-01-15T00:00:00Z
INST017,2025-11-10,1464.26,4493233,0.6933,2026-01-15T00:00:00Z
INST018,2025-11-11,4532.69,2974445,0.5336,2026-01-15T00:00:00Z
INST019,2025-11-12,1992.37,5586763,0.3565,2026-01-15T00:00:00Z
INST020,2025-11-13,1604.59,9727461,0.3874,2026-01-15T00:00:00Z
INST021,2025-11-14,2422.22,9224237,0.1707,2026-01-15T00:00:00Z
INST022,2025-11-15,1639.97,8807506,0.6038,2026-01-15T00:00:00Z
INST023,2025-11-16,3109.64,7530670,0.2159,2026-01-15T00:00:00Z
INST024,2025-11-17,4694.19,5963345,0.1823,2026-01-15T00:00:00Z
INST025,2025-11-18,4284.58,9027553,0.5597,2026-01-15T00:00:00Z
INST026,2025-11-19,2997.82,8172917,0.7824,2026-01-15T00:00:00Z
INST027,2025-11-20,2590.30,452391,0.1693,2026-01-15T00:00:00Z
INST028,2025-11-21,4463.06,1883791,0.3746,2026-01-15T00:00:00Z
INST029,2025-11-22,3589.81,8913141,0.6235,2026-01-15T00:00:00Z
INST030,2025-11-23,2012.53,4949461,0.0590,2026-01-15T00:00:00Z
INST031,2025-11-24,4787.23,701425,0.4416,2026-01-15T00:00:00Z
INST032,2025-11-25,352.11,2997267,0.6509,2026-01-15T00:00:00Z
INST033,2025-11-26,301.61,4910404,0.3478,2026-01-15T00:00:00Z
INST034,2025-11-27,2174.99,1710822,0.1370,2026-01-15T00:00:00Z
INST035,2025-11-28,3142.13,5053396,0.4703,2026-01-15T00:00:00Z
INST036,2025-11-29,1774.07,4660840,0.1566,2026-01-15T00:00:00Z
INST037,2025-11-30,364.91,7311839,0.3787,2026-01-15T00:00:00Z
INST038,2025-12-01,4725.67,3890667,0.4409,2026-01-15T00:00:00Z
INST039,2025-12-02,3771.59,9612837,0.4679,2026-01-15T00:00:00Z
INST040,2025-12-03,876.67,691145,0.7759,2026-01-15T00:00:00Z
INST041,2025-12-04,3107.55,6105440,0.1321,2026-01-15T00:00:00Z
INST042,2025-12-05,1928.67,1723365,0.5050,2026-01-15T00:00:00Z
INST043,2025-12-06,729.75,1555673,0.2760,2026-01-15T00:00:00Z
INST044,2025-12-07,168.42,7343166,0.2294,2026-01-15T00:00:00Z
INST045,2025-12-08,1841.18,8688804,0.3180,2026-01-15T00:00:00Z
INST046,2025-12-09,1859.07,7402151,0.6820,2026-01-15T00:00:00Z
INST047,2025-12-10,4014.73,4355352,0.7875,2026-01-15T00:00:00Z
INST048,2025-12-11,1134.78,6629949,0.0480,2026-01-15T00:00:00Z
INST049,2025-12-12,4250.53,5919570,0.0789,2026-01-15T00:00:00Z
INST050,2025-12-13,4151.58,5520200,0.7087,2026-01-15T00:00:00Z
INST051,2025-12-14,4190.90,4798643,0.0379,2026-01-15T00:00:00Z
INST052,2025-12-15,1316.54,9051601,0.2572,2026-01-15T00:00:00Z
INST053,2025-12-16,3712.19,8645511,0.1714,2026-01-15T00:00:00Z
INST054,2025-12-17,307.18,1685155,0.2893,2026-01-15T00:00:00Z
INST055,2025-12-18,733.51,452483,0.2355,2026-01-15T00:00:00Z
INST056,2025-12-19,1700.81,7085839,0.2629,2026-01-15T00:00:00Z
INST057,2025-12-20,3743.59,4515081,0.7160,2026-01-15T00:00:00Z
INST058,2025-12-21,4195.14,8337500,0.1505,2026-01-15T00:00:00Z
INST059,2025-12-22,846.56,3718543,0.3508,2026-01-15T00:00:00Z
INST060,2025-12-23,3171.03,9536209,0.1447,2026-01-15T00:00:00Z
INST061,2025-12-24,1163.85,4440369,0.2031,2026-01-15T00:00:00Z
INST062,2025-12-25,2502.99,8243034,0.3524,2026-01-15T00:00:00Z
INST063,2025-12-26,2963.34,7517795,0.1862,2026-01-15T00:00:00Z
INST064,2025-12-27,3417.39,897687,0.2465,2026-01-15T00:00:00Z
INST065,2025-12-28,1626.84,6632019,0.6231,2026-01-15T00:00:00Z
INST066,2025-12-29,2666.61,7091,0.2570,2026-01-15T00:00:00Z
INST067,2025-12-30,928.97,1949751,0.2633,2026-01-15T00:00:00Z
INST068,2025-12-31,2630.74,6146507,0.4991,2026-01-15T00:00:00Z
INST069,2025-10-01,2559.64,8988684,0.3847,2026-01-15T00:00:00Z
INST070,2025-10-02,4258.01,7503263,0.2459,2026-01-15T00:00:00Z
INST071,2025-10-03,3711.04,2309424,0.0633,2026-01-15T00:00:00Z
INST072,2025-10-04,2625.21,7322404,0.2942,2026-01-15T00:00:00Z
INST073,2025-10-05,4867.26,9991637,0.3265,2026-01-15T00:00:00Z
INST074,2025-10-06,1476.79,4991306,0.4430,2026-01-15T00:00:00Z
INST075,2025-10-07,1496.64,101563,0.2676,2026-01-15T00:00:00Z
INST076,2025-10-08,3663.12,5975418,0.1073,2026-01-15T00:00:00Z
INST077,2025-10-09,4293.19,5565607,0.1701,2026-01-15T00:00:00Z
INST078,2025-10-10,4018.12,8600548,0.5252,2026-01-15T00:00:00Z
INST079,2025-10-11,430.47,9049243,0.7104,2026-01-15T00:00:00Z
INST080,2025-10-12,3606.21,5358977,0.0760,2026-01-15T00:00:00Z
INST081,2025-10-13,2922.77,1783007,0.4564,2026-01-15T00:00:00Z
INST082,2025-10-14,4012.55,7855505,0.6693,2026-01-15T00:00:00Z
INST083,2025-10-15,2162.50,6898984,0.3787,2026-01-15T00:00:00Z
INST084,2025-10-16,3416.12,2067371,0.5487,2026-01-15T00:00:00Z
INST085,2025-10-17,4332.23,3734663,0.2915,2026-01-15T00:00:00Z
INST086,2025-10-18,1536.02,5798169,0.3996,2026-01-15T00:00:00Z
INST087,2025-10-19,2647.81,5056766,0.4671,2026-01-15T00:00:00Z
INST088,2025-10-20,823.56,505751,0.3197,2026-01-15T00:00:00Z
INST089,2025-10-21,885.23,3523567,0.2853,2026-01-15T00:00:00Z
INST090,2025-10-22,4641.91,6613270,0.4297,2026-01-15T00:00:00Z
INST091,2025-10-23,4625.66,7150712,0.6186,2026-01-15T00:00:00Z
INST092,2025-10-24,1111.15,2632510,0.0552,2026-01-15T00:00:00Z
INST093,2025-10-25,4508.42,9557311,0.7976,2026-01-15T00:00:00Z
INST094,2025-10-26,4959.84,9198260,0.3557,2026-01-15T00:00:00Z
INST095,2025-10-27,3481.33,7093711,0.7628,2026-01-15T00:00:00Z
INST096,2025-10-28,4033.85,183225,0.4595,2026-01-15T00:00:00Z
INST097,2025-10-29,965.42,8916758,0.7213,2026-01-15T00:00:00Z
INST098,2025-10-30,4999.92,4796288,0.6155,2026-01-15T00:00:00Z
INST099,2025-10-31,3777.14,3998761,0.0473,2026-01-15T00:00:00Z
INST100,2025-11-01,1084.68,2564275,0.1005,2026-01-15T00:00:00Z
INST001,2025-11-02,1842.48,2481268,0.0219,2026-01-15T00:00:00Z
INST002,2025-11-03,2398.03,1330904,0.6416,2026-01-15T00:00:00Z
INST003,2025-11-04,3710.90,8875620,0.7976,2026-01-15T00:00:00Z
INST004,2025-11-05,595.58,3992852,0.7377,2026-01-15T00:00:00Z
INST005,2025-11-06,559.31,8454939,0.2495,2026-01-15T00:00:00Z
INST006,2025-11-07,412.37,9830592,0.5917,2026-01-15T00:00:00Z
INST007,2025-11-08,2772.77,7013727,0.6829,2026-01-15T00:00:00Z
INST008,2025-11-09,4866.46,3659524,0.0551,2026-01-15T00:00:00Z
INST009,2025-11-10,4366.48,1631285,0.0687,2026-01-15T00:00:00Z
INST010,2025-11-11,4361.06,8454291,0.3079,2026-01-15T00:00:00Z
INST011,2025-11-12,3939.66,9956251,0.7252,2026-01-15T00:00:00Z
INST012,2025-11-13,1012.32,6770028,0.4239,2026-01-15T00:00:00Z
INST013,2025-11-14,2527.02,4066485,0.1378,2026-01-15T00:00:00Z
INST014,2025-11-15,4632.13,7688446,0.6527,2026-01-15T00:00:00Z
INST015,2025-11-16,2691.77,7007648,0.7842,2026-01-15T00:00:00Z
INST016,2025-11-17,4290.20,2654116,0.4429,2026-01-15T00:00:00Z
INST017,2025-11-18,2858.24,7081618,0.1834,2026-01-15T00:00:00Z
INST018,2025-11-19,3671.70,5578719,0.6485,2026-01-15T00:00:00Z
INST019,2025-11-20,4468.25,1664380,0.5821,2026-01-15T00:00:00Z
INST020,2025-11-21,3940.63,7001124,0.0261,2026-01-15T00:00:00Z
INST021,2025-11-22,1258.85,1219119,0.6891,2026-01-15T00:00:00Z
INST022,2025-11-23,3270.55,5458996,0.1567,2026-01-15T00:00:00Z
INST023,2025-11-24,3191.29,8475854,0.5531,2026-01-15T00:00:00Z
INST024,2025-11-25,4111.28,5843498,0.7835,2026-01-15T00:00:00Z
INST025,2025-11-26,1219.58,752337,0.3383,2026-01-15T00:00:00Z
INST026,2025-11-27,3521.26,7070335,0.6204,2026-01-15T00:00:00Z
INST027,2025-11-28,1421.46,34213,0.7507,2026-01-15T00:00:00Z
INST028,2025-11-29,4787.28,1804232,0.3976,2026-01-15T00:00:00Z
INST029,2025-11-30,60.17,2044593,0.6050,2026-01-15T00:00:00Z
INST030,2025-12-01,65.92,853053,0.1955,2026-01-15T00:00:00Z
INST031,2025-12-02,4059.40,3392100,0.1496,2026-01-15T00:00:00Z
INST032,2025-12-03,2508.20,6712298,0.2910,2026-01-15T00:00:00Z
INST033,2025-12-04,2408.85,1697704,0.2341,2026-01-15T00:00:00Z
INST034,2025-12-05,3814.87,5139976,0.4873,2026-01-15T00:00:00Z
INST035,2025-12-06,1036.36,3225023,0.1959,2026-01-15T00:00:00Z
INST036,2025-12-07,3305.18,8889698,0.1024,2026-01-15T00:00:00Z
INST037,2025-12-08,4684.45,1416192,0.6799,2026-01-15T00:00:00Z
INST038,2025-12-09,221.59,9473698,0.6696,2026-01-15T00:00:00Z
INST039,2025-12-10,4781.83,2330544,0.1686,2026-01-15T00:00:00Z
INST040,2025-12-11,1446.43,4768421,0.4241,2026-01-15T00:00:00Z
INST041,2025-12-12,3060.33,5231853,0.6900,2026-01-15T00:00:00Z
INST042,2025-12-13,3489.46,8974025,0.6859,2026-01-15T00:00:00Z
INST043,2025-12-14,240.35,5744585,0.5553,2026-01-15T00:00:00Z
INST044,2025-12-15,4238.43,8112062,0.4226,2026-01-15T00:00:00Z
INST045,2025-12-16,2464.96,5781977,0.6954,2026-01-15T00:00:00Z
INST046,2025-12-17,2994.30,7915252,0.2100,2026-01-15T00:00:00Z
INST047,2025-12-18,4659.29,7693298,0.7400,2026-01-15T00:00:00Z
INST048,2025-12-19,4733.06,259545,0.6432,2026-01-15T00:00:00Z
INST049,2025-12-20,3873.47,2282007,0.6884,2026-01-15T00:00:00Z
INST050,2025-12-21,3611.70,3459547,0.6357,2026-01-15T00:00:00Z
INST051,2025-12-22,4132.29,4844729,0.3455,2026-01-15T00:00:00Z
INST052,2025-12-23,4111.63,4368232,0.1850,2026-01-15T00:00:00Z
INST053,2025-12-24,4472.77,2974618,0.6809,2026-01-15T00:00:00Z
INST054,2025-12-25,4530.64,7776299,0.6215,2026-01-15T00:00:00Z
INST055,2025-12-26,1448.37,2329242,0.7860,2026-01-15T00:00:00Z
INST056,2025-12-27,1989.48,2776144,0.5262,2026-01-15T00:00:00Z
INST057,2025-12-28,3570.71,3638143,0.0444,2026-01-15T00:00:00Z
INST058,2025-12-29,113.26,5359719,0.6326,2026-01-15T00:00:00Z
INST059,2025-12-30,3572.64,805367,0.2332,2026-01-15T00:00:00Z
INST060,2025-12-31,3965.91,7494800,0.1787,2026-01-15T00:00:00Z
INST061,2025-10-01,570.71,7702277,0.5763,2026-01-15T00:00:00Z
INST062,2025-10-02,3491.17,7883013,0.7996,2026-01-15T00:00:00Z
INST063,2025-10-03,3664.28,4676483,0.0953,2026-01-15T00:00:00Z
INST064,2025-10-04,3837.74,4078614,0.7195,2026-01-15T00:00:00Z
INST065,2025-10-05,1873.61,1719679,0.0174,2026-01-15T00:00:00Z
INST066,2025-10-06,2277.89,6571434,0.3953,2026-01-15T00:00:00Z
INST067,2025-10-07,575.04,2175300,0.5522,2026-01-15T00:00:00Z
INST068,2025-10-08,960.15,9291325,0.5908,2026-01-15T00:00:00Z
INST069,2025-10-09,1219.87,850544,0.1450,2026-01-15T00:00:00Z
INST070,2025-10-10,4407.77,2895765,0.3804,2026-01-15T00:00:00Z
INST071,2025-10-11,564.48,6698347,0.5668,2026-01-15T00:00:00Z
INST072,2025-10-12,3344.36,6854591,0.6558,2026-01-15T00:00:00Z
INST073,2025-10-13,3565.18,268301,0.7595,2026-01-15T00:00:00Z
INST074,2025-10-14,3405.39,8719073,0.0376,2026-01-15T00:00:00Z
INST075,2025-10-15,3215.92,3419747,0.1644,2026-01-15T00:00:00Z
INST076,2025-10-16,1762.47,4008219,0.7976,2026-01-15T00:00:00Z
INST077,2025-10-17,2856.47,1694365,0.4243,2026-01-15T00:00:00Z
INST078,2025-10-18,933.04,7775329,0.2084,2026-01-15T00:00:00Z
INST079,2025-10-19,4048.00,2651940,0.7918,2026-01-15T00:00:00Z
INST080,2025-10-20,288.12,8870358,0.3746,2026-01-15T00:00:00Z
INST081,2025-10-21,950.41,7380489,0.2401,2026-01-15T00:00:00Z
INST082,2025-10-22,4414.37,810109,0.0659,2026-01-15T00:00:00Z
INST083,2025-10-23,4450.00,2692763,0.2548,2026-01-15T00:00:00Z
INST084,2025-10-24,3112.02,8405482,0.7895,2026-01-15T00:00:00Z
INST085,2025-10-25,2404.02,3172608,0.6591,2026-01-15T00:00:00Z
INST086,2025-10-26,591.34,8786135,0.1092,2026-01-15T00:00:00Z
INST087,2025-10-27,3852.06,1841159,0.6872,2026-01-15T00:00:00Z
INST088,2025-10-28,3902.25,6083793,0.4048,2026-01-15T00:00:00Z
INST089,2025-10-29,2913.48,3196662,0.7765,2026-01-15T00:00:00Z
INST090,2025-10-30,1714.10,8662310,0.7428,2026-01-15T00:00:00Z
INST091,2025-10-31,2429.60,2635547,0.2293,2026-01-15T00:00:00Z
INST092,2025-11-01,641.94,9629137,0.2204,2026-01-15T00:00:00Z
INST093,2025-11-02,922.04,9476442,0.5680,2026-01-15T00:00:00Z
INST094,2025-11-03,2295.22,276385,0.0270,2026-01-15T00:00:00Z
INST095,2025-11-04,2204.64,5596175,0.0250,2026-01-15T00:00:00Z
INST096,2025-11-05,1599.48,3233337,0.4529,2026-01-15T00:00:00Z
INST097,2025-11-06,4684.37,1140317,0.6179,2026-01-15T00:00:00Z
INST098,2025-11-07,916.16,5780223,0.6983,2026-01-15T00:00:00Z
INST099,2025-11-08,2369.57,2354756,0.1900,2026-01-15T00:00:00Z
INST100,2025-11-09,1035.13,9071378,0.5483,2026-01-15T00:00:00Z
INST001,2025-11-10,4704.79,9854933,0.1340,2026-01-15T00:00:00Z
INST002,2025-11-11,183.29,7546045,0.5027,2026-01-15T00:00:00Z
INST003,2025-11-12,1305.02,9390061,0.5107,2026-01-15T00:00:00Z
INST004,2025-11-13,774.57,8236509,0.3131,2026-01-15T00:00:00Z
INST005,2025-11-14,301.66,8170641,0.1256,2026-01-15T00:00:00Z
INST006,2025-11-15,1095.80,2913900,0.3034,2026-01-15T00:00:00Z
INST007,2025-11-16,3628.43,2657783,0.4026,2026-01-15T00:00:00Z
INST008,2025-11-17,2314.43,4364723,0.3506,2026-01-15T00:00:00Z
INST009,2025-11-18,180.35,1166276,0.1712,2026-01-15T00:00:00Z
INST010,2025-11-19,2078.96,7976015,0.1233,2026-01-15T00:00:00Z
INST011,2025-11-20,1709.10,803117,0.1571,2026-01-15T00:00:00Z
INST012,2025-11-21,4935.49,7657574,0.2557,2026-01-15T00:00:00Z
INST013,2025-11-22,3499.89,6580205,0.6311,2026-01-15T00:00:00Z
INST014,2025-11-23,4936.43,6560804,0.3318,2026-01-15T00:00:00Z
INST015,2025-11-24,3662.96,7788274,0.7791,2026-01-15T00:00:00Z
INST016,2025-11-25,1884.28,9997413,0.4566,2026-01-15T00:00:00Z
INST017,2025-11-26,1505.76,4627581,0.5206,2026-01-15T00:00:00Z
INST018,2025-11-27,1820.04,8852735,0.4664,2026-01-15T00:00:00Z
INST019,2025-11-28,1112.70,1942996,0.5900,2026-01-15T00:00:00Z
INST020,2025-11-29,1047.90,5766937,0.4941,2026-01-15T00:00:00Z
INST021,2025-11-30,2538.94,18114,0.1028,2026-01-15T00:00:00Z
INST022,2025-12-01,2685.49,8986277,0.2406,2026-01-15T00:00:00Z
INST023,2025-12-02,4639.75,3741379,0.3708,2026-01-15T00:00:00Z
INST024,2025-12-03,1634.50,1966395,0.2008,2026-01-15T00:00:00Z
INST025,2025-12-04,3361.53,5315441,0.5412,2026-01-15T00:00:00Z
INST026,2025-12-05,2583.51,5849805,0.5494,2026-01-15T00:00:00Z
INST027,2025-12-06,1031.27,7064462,0.2037,2026-01-15T00:00:00Z
INST028,2025-12-07,1363.06,9792047,0.7777,2026-01-15T00:00:00Z
INST029,2025-12-08,247.60,2947252,0.3062,2026-01-15T00:00:00Z
INST030,2025-12-09,4166.57,9064757,0.0946,2026-01-15T00:00:00Z
INST031,2025-12-10,4880.59,3247338,0.3818,2026-01-15T00:00:00Z
INST032,2025-12-11,1625.03,2550343,0.3397,2026-01-15T00:00:00Z
INST033,2025-12-12,1012.27,7661015,0.2147,2026-01-15T00:00:00Z
INST034,2025-12-13,3092.43,9941730,0.5392,2026-01-15T00:00:00Z
INST035,2025-12-14,95.26,7378462,0.3994,2026-01-15T00:00:00Z
INST036,2025-12-15,4278.61,6768776,0.5749,2026-01-15T00:00:00Z
INST037,2025-12-16,3626.56,4646242,0.1124,2026-01-15T00:00:00Z
INST038,2025-12-17,3963.82,7652370,0.0946,2026-01-15T00:00:00Z
INST039,2025-12-18,441.30,8763530,0.4050,2026-01-15T00:00:00Z
INST040,2025-12-19,3396.35,5789620,0.2226,2026-01-15T00:00:00Z
INST041,2025-12-20,2199.76,9930857,0.3396,2026-01-15T00:00:00Z
INST042,2025-12-21,551.97,9402431,0.1017,2026-01-15T00:00:00Z
INST043,2025-12-22,896.03,2054844,0.7870,2026-01-15T00:00:00Z
INST044,2025-12-23,3272.87,1222553,0.5534,2026-01-15T00:00:00Z
INST045,2025-12-24,705.88,3941648,0.2376,2026-01-15T00:00:00Z
INST046,2025-12-25,2703.89,5125663,0.3219,2026-01-15T00:00:00Z
INST047,2025-12-26,2679.66,5399160,0.5779,2026-01-15T00:00:00Z
INST048,2025-12-27,3221.40,1332470,0.5606,2026-01-15T00:00:00Z
INST049,2025-12-28,1.48,8918259,0.6854,2026-01-15T00:00:00Z
INST050,2025-12-29,2928.01,9254093,0.2652,2026-01-15T00:00:00Z
INST051,2025-12-30,2883.35,7727192,0.5301,2026-01-15T00:00:00Z
INST052,2025-12-31,2947.14,7923309,0.5604,2026-01-15T00:00:00Z
INST053,2025-10-01,2861.41,7495753,0.4378,2026-01-15T00:00:00Z
INST054,2025-10-02,1041.08,3895923,0.4860,2026-01-15T00:00:00Z
INST055,2025-10-03,2849.78,6196990,0.2719,2026-01-15T00:00:00Z
INST056,2025-10-04,3790.25,7147853,0.0605,2026-01-15T00:00:00Z
INST057,2025-10-05,4457.76,478241,0.7702,2026-01-15T00:00:00Z
INST058,2025-10-06,2571.89,1441426,0.4347,2026-01-15T00:00:00Z
INST059,2025-10-07,1054.55,5705645,0.5737,2026-01-15T00:00:00Z
INST060,2025-10-08,22.25,6011662,0.2423,2026-01-15T00:00:00Z
INST061,2025-10-09,1594.02,4728504,0.6687,2026-01-15T00:00:00Z
INST062,2025-10-10,3282.44,2068636,0.0813,2026-01-15T00:00:00Z
INST063,2025-10-11,1210.96,9141465,0.7785,2026-01-15T00:00:00Z
INST064,2025-10-12,1922.10,9785187,0.5822,2026-01-15T00:00:00Z
INST065,2025-10-13,4717.59,1548520,0.5012,2026-01-15T00:00:00Z
INST066,2025-10-14,4130.80,6259114,0.3433,2026-01-15T00:00:00Z
INST067,2025-10-15,3232.03,648903,0.1954,2026-01-15T00:00:00Z
INST068,2025-10-16,3772.43,1622254,0.6706,2026-01-15T00:00:00Z
INST069,2025-10-17,3715.40,7991511,0.0587,2026-01-15T00:00:00Z
INST070,2025-10-18,4482.02,2724383,0.2565,2026-01-15T00:00:00Z
INST071,2025-10-19,3769.01,3211639,0.0242,2026-01-15T00:00:00Z
INST072,2025-10-20,4849.56,6917324,0.3781,2026-01-15T00:00:00Z
INST073,2025-10-21,4607.10,7296181,0.6210,2026-01-15T00:00:00Z
INST074,2025-10-22,3528.12,7298533,0.0340,2026-01-15T00:00:00Z
INST075,2025-10-23,1320.76,1893158,0.7470,2026-01-15T00:00:00Z
INST076,2025-10-24,1316.75,1994325,0.1257,2026-01-15T00:00:00Z
INST077,2025-10-25,1741.59,5301481,0.7281,2026-01-15T00:00:00Z
INST078,2025-10-26,2439.03,5655069,0.4124,2026-01-15T00:00:00Z
INST079,2025-10-27,3586.75,5785443,0.1028,2026-01-15T00:00:00Z
INST080,2025-10-28,3280.28,7141268,0.2469,2026-01-15T00:00:00Z
INST081,2025-10-29,3459.96,3427436,0.1200,2026-01-15T00:00:00Z
INST082,2025-10-30,1441.08,1276918,0.3018,2026-01-15T00:00:00Z
INST083,2025-10-31,4186.16,7936184,0.0413,2026-01-15T00:00:00Z
INST084,2025-11-01,1034.18,8050324,0.5007,2026-01-15T00:00:00Z
INST085,2025-11-02,1428.56,2080960,0.0233,2026-01-15T00:00:00Z
INST086,2025-11-03,3439.31,1888140,0.7335,2026-01-15T00:00:00Z
INST087,2025-11-04,1195.29,2536208,0.3599,2026-01-15T00:00:00Z
INST088,2025-11-05,997.83,4382157,0.6579,2026-01-15T00:00:00Z
INST089,2025-11-06,3622.88,9658754,0.7117,2026-01-15T00:00:00Z
INST090,2025-11-07,9.25,8376020,0.3324,2026-01-15T00:00:00Z
INST091,2025-11-08,2137.62,5467563,0.0941,2026-01-15T00:00:00Z
INST092,2025-11-09,1870.39,6706161,0.4043,2026-01-15T00:00:00Z
INST093,2025-11-10,4477.20,3800816,0.6207,2026-01-15T00:00:00Z
INST094,2025-11-11,2090.47,8191103,0.5986,2026-01-15T00:00:00Z
INST095,2025-11-12,3081.75,809653,0.1012,2026-01-15T00:00:00Z
INST096,2025-11-13,1477.18,7643996,0.3340,2026-01-15T00:00:00Z
INST097,2025-11-14,1325.58,5769353,0.6555,2026-01-15T00:00:00Z
INST098,2025-11-15,3146.13,4818293,0.5132,2026-01-15T00:00:00Z
INST099,2025-11-16,1067.03,5175173,0.5071,2026-01-15T00:00:00Z
INST100,2025-11-17,3971.60,5759809,0.7720,2026-01-15T00:00:00Z
INST001,2025-11-18,707.08,2216198,0.7810,2026-01-15T00:00:00Z
INST002,2025-11-19,428.49,6712596,0.2222,2026-01-15T00:00:00Z
INST003,2025-11-20,2690.02,9711428,0.7371,2026-01-15T00:00:00Z
INST004,2025-11-21,3832.45,7511482,0.2745,2026-01-15T00:00:00Z
INST005,2025-11-22,4840.95,6535520,0.6673,2026-01-15T00:00:00Z
INST006,2025-11-23,4652.46,5503870,0.7592,2026-01-15T00:00:00Z
INST007,2025-11-24,4990.62,6065546,0.6667,2026-01-15T00:00:00Z
INST008,2025-11-25,1697.02,7692518,0.2189,2026-01-15T00:00:00Z
INST009,2025-11-26,363.94,8450725,0.3534,2026-01-15T00:00:00Z
INST010,2025-11-27,629.65,9800188,0.2104,2026-01-15T00:00:00Z
INST011,2025-11-28,2438.19,6436927,0.4014,2026-01-15T00:00:00Z
INST012,2025-11-29,4674.89,3571306,0.6586,2026-01-15T00:00:00Z
INST013,2025-11-30,3685.76,8152093,0.6774,2026-01-15T00:00:00Z
INST014,2025-12-01,1299.01,3627476,0.0240,2026-01-15T00:00:00Z
INST015,2025-12-02,1668.29,8629149,0.7517,2026-01-15T00:00:00Z
INST016,2025-12-03,4611.98,8819005,0.4482,2026-01-15T00:00:00Z
INST017,2025-12-04,3065.57,4766577,0.4473,2026-01-15T00:00:00Z
INST018,2025-12-05,3828.88,1645340,0.2606,2026-01-15T00:00:00Z
INST019,2025-12-06,3538.30,57640,0.7408,2026-01-15T00:00:00Z
INST020,2025-12-07,2642.91,8118550,0.4050,2026-01-15T00:00:00Z
INST021,2025-12-08,4020.44,2561589,0.6441,2026-01-15T00:00:00Z
INST022,2025-12-09,682.78,9927050,0.7636,2026-01-15T00:00:00Z
INST023,2025-12-10,3144.40,6473808,0.7920,2026-01-15T00:00:00Z
INST024,2025-12-11,3467.54,3828826,0.7221,2026-01-15T00:00:00Z
INST025,2025-12-12,2798.12,5970273,0.4463,2026-01-15T00:00:00Z
INST026,2025-12-13,3939.54,5042624,0.4384,2026-01-15T00:00:00Z
INST027,2025-12-14,1181.19,2395315,0.0486,2026-01-15T00:00:00Z
INST028,2025-12-15,4071.27,6616540,0.6534,2026-01-15T00:00:00Z
INST029,2025-12-16,3077.62,2131451,0.3147,2026-01-15T00:00:00Z
INST030,2025-12-17,1396.10,7473076,0.0355,2026-01-15T00:00:00Z
INST031,2025-12-18,1411.78,864404,0.6637,2026-01-15T00:00:00Z
INST032,2025-12-19,1976.54,3350482,0.6819,2026-01-15T00:00:00Z
INST033,2025-12-20,3417.06,6379714,0.4254,2026-01-15T00:00:00Z
INST034,2025-12-21,4513.47,6843105,0.5319,2026-01-15T00:00:00Z
INST035,2025-12-22,1140.52,6603749,0.6113,2026-01-15T00:00:00Z
INST036,2025-12-23,4202.12,2929018,0.5477,2026-01-15T00:00:00Z
INST037,2025-12-24,3526.13,1524580,0.1269,2026-01-15T00:00:00Z
INST038,2025-12-25,924.39,6962794,0.4464,2026-01-15T00:00:00Z
INST039,2025-12-26,1614.69,5044358,0.4054,2026-01-15T00:00:00Z
INST040,2025-12-27,2846.06,3390655,0.4923,2026-01-15T00:00:00Z
INST041,2025-12-28,535.35,2545350,0.1531,2026-01-15T00:00:00Z
INST042,2025-12-29,2590.26,8006100,0.6945,2026-01-15T00:00:00Z
INST043,2025-12-30,2691.61,5363244,0.7800,2026-01-15T00:00:00Z
INST044,2025-12-31,4226.08,78781,0.6879,2026-01-15T00:00:00Z
INST045,2025-10-01,3664.45,1530900,0.4496,2026-01-15T00:00:00Z
INST046,2025-10-02,3916.78,7194353,0.2934,2026-01-15T00:00:00Z
INST047,2025-10-03,4271.74,4557219,0.1821,2026-01-15T00:00:00Z
INST048,2025-10-04,688.99,4101788,0.5177,2026-01-15T00:00:00Z
INST049,2025-10-05,3099.01,9220452,0.5185,2026-01-15T00:00:00Z
INST050,2025-10-06,2176.57,2407049,0.1390,2026-01-15T00:00:00Z
INST051,2025-10-07,3851.92,1280949,0.4324,2026-01-15T00:00:00Z
INST052,2025-10-08,1184.22,1923456,0.0755,2026-01-15T00:00:00Z
INST053,2025-10-09,1197.97,4513096,0.6720,2026-01-15T00:00:00Z
INST054,2025-10-10,4189.37,5882415,0.0112,2026-01-15T00:00:00Z
INST055,2025-10-11,1895.87,8000952,0.2118,2026-01-15T00:00:00Z
INST056,2025-10-12,2676.29,8422799,0.0772,2026-01-15T00:00:00Z
INST057,2025-10-13,2884.63,7150617,0.2099,2026-01-15T00:00:00Z
INST058,2025-10-14,4387.86,9632085,0.2315,2026-01-15T00:00:00Z
INST059,2025-10-15,789.05,2056838,0.5530,2026-01-15T00:00:00Z
INST060,2025-10-16,3081.98,403128,0.2438,2026-01-15T00:00:00Z
INST061,2025-10-17,4889.63,2694132,0.5195,2026-01-15T00:00:00Z
INST062,2025-10-18,2761.08,8613368,0.1588,2026-01-15T00:00:00Z
INST063,2025-10-19,4255.35,9303599,0.7751,2026-01-15T00:00:00Z
INST064,2025-10-20,2356.26,8902817,0.1135,2026-01-15T00:00:00Z
INST065,2025-10-21,1210.56,9867014,0.5759,2026-01-15T00:00:00Z
INST066,2025-10-22,180.63,7353285,0.4494,2026-01-15T00:00:00Z
INST067,2025-10-23,4737.97,2347878,0.5109,2026-01-15T00:00:00Z
INST068,2025-10-24,2204.24,1100190,0.2016,2026-01-15T00:00:00Z
INST069,2025-10-25,4151.88,246459,0.5334,2026-01-15T00:00:00Z
INST070,2025-10-26,320.34,1629851,0.4847,2026-01-15T00:00:00Z
INST071,2025-10-27,4130.17,9461414,0.4186,2026-01-15T00:00:00Z
INST072,2025-10-28,3832.82,9148690,0.3695,2026-01-15T00:00:00Z
INST073,2025-10-29,4095.53,7622492,0.6137,2026-01-15T00:00:00Z
INST074,2025-10-30,1458.67,8571448,0.6572,2026-01-15T00:00:00Z
INST075,2025-10-31,811.12,5552604,0.6783,2026-01-15T00:00:00Z
INST076,2025-11-01,4669.30,1272155,0.6742,2026-01-15T00:00:00Z
INST077,2025-11-02,468.20,2486424,0.5230,2026-01-15T00:00:00Z
INST078,2025-11-03,4818.59,9800402,0.1917,2026-01-15T00:00:00Z
INST079,2025-11-04,3503.20,7739596,0.2986,2026-01-15T00:00:00Z
INST080,2025-11-05,303.09,9333189,0.6009,2026-01-15T00:00:00Z
INST081,2025-11-06,793.94,931219,0.6004,2026-01-15T00:00:00Z
INST082,2025-11-07,2673.00,6129661,0.3274,2026-01-15T00:00:00Z
INST083,2025-11-08,1001.77,2846838,0.2425,2026-01-15T00:00:00Z
INST084,2025-11-09,3875.40,8888016,0.7017,2026-01-15T00:00:00Z
INST085,2025-11-10,1915.53,2349076,0.4439,2026-01-15T00:00:00Z
INST086,2025-11-11,3842.24,4899606,0.0113,2026-01-15T00:00:00Z
INST087,2025-11-12,3183.53,6723980,0.0424,2026-01-15T00:00:00Z
INST088,2025-11-13,3443.88,7598313,0.2241,2026-01-15T00:00:00Z
INST089,2025-11-14,2782.17,1939829,0.2264,2026-01-15T00:00:00Z
INST090,2025-11-15,4676.77,1202384,0.3279,2026-01-15T00:00:00Z
INST091,2025-11-16,2531.39,7946452,0.1684,2026-01-15T00:00:00Z
INST092,2025-11-17,4876.94,1135352,0.7898,2026-01-15T00:00:00Z
INST093,2025-11-18,3606.76,5149562,0.5582,2026-01-15T00:00:00Z
INST094,2025-11-19,886.97,8543366,0.1702,2026-01-15T00:00:00Z
INST095,2025-11-20,3418.89,195114,0.5679,2026-01-15T00:00:00Z
INST096,2025-11-21,3986.05,5138550,0.7980,2026-01-15T00:00:00Z
INST097,2025-11-22,2071.21,2620871,0.7390,2026-01-15T00:00:00Z
INST098,2025-11-23,2235.15,735742,0.0197,2026-01-15T00:00:00Z
INST099,2025-11-24,1274.24,7060493,0.4761,2026-01-15T00:00:00Z
INST100,2025-11-25,3154.55,4338002,0.5601,2026-01-15T00:00:00Z
INST001,2025-11-26,822.51,2059705,0.6945,2026-01-15T00:00:00Z
INST002,2025-11-27,1698.87,2856983,0.5366,2026-01-15T00:00:00Z
INST003,2025-11-28,3817.73,5685174,0.4262,2026-01-15T00:00:00Z
INST004,2025-11-29,850.97,1520735,0.1274,2026-01-15T00:00:00Z
INST005,2025-11-30,1705.99,3808057,0.5966,2026-01-15T00:00:00Z
INST006,2025-12-01,3608.13,328798,0.5870,2026-01-15T00:00:00Z
INST007,2025-12-02,93.55,2167896,0.3889,2026-01-15T00:00:00Z
INST008,2025-12-03,251.39,92708,0.5127,2026-01-15T00:00:00Z
INST009,2025-12-04,3903.45,8373017,0.7562,2026-01-15T00:00:00Z
INST010,2025-12-05,3479.26,34510,0.0582,2026-01-15T00:00:00Z
INST011,2025-12-06,1861.87,6538084,0.5950,2026-01-15T00:00:00Z
INST012,2025-12-07,2300.70,9271380,0.5621,2026-01-15T00:00:00Z
INST013,2025-12-08,608.65,1450389,0.4380,2026-01-15T00:00:00Z
INST014,2025-12-09,2015.86,6500722,0.2719,2026-01-15T00:00:00Z
INST015,2025-12-10,3078.03,803547,0.5040,2026-01-15T00:00:00Z
INST016,2025-12-11,256.79,5059728,0.0415,2026-01-15T00:00:00Z
INST017,2025-12-12,477.24,7420075,0.4097,2026-01-15T00:00:00Z
INST018,2025-12-13,2173.18,182977,0.5637,2026-01-15T00:00:00Z
INST019,2025-12-14,4049.73,4592606,0.6376,2026-01-15T00:00:00Z
INST020,2025-12-15,4027.29,3308397,0.4793,2026-01-15T00:00:00Z
INST021,2025-12-16,1322.82,2765177,0.1257,2026-01-15T00:00:00Z
INST022,2025-12-17,4991.10,2247466,0.6845,2026-01-15T00:00:00Z
INST023,2025-12-18,1569.35,6423339,0.1110,2026-01-15T00:00:00Z
INST024,2025-12-19,870.99,6467974,0.7684,2026-01-15T00:00:00Z
INST025,2025-12-20,4761.81,2384512,0.7768,2026-01-15T00:00:00Z
INST026,2025-12-21,2938.55,7116062,0.5486,2026-01-15T00:00:00Z
INST027,2025-12-22,4702.88,5236173,0.0320,2026-01-15T00:00:00Z
INST028,2025-12-23,461.35,3057633,0.6075,2026-01-15T00:00:00Z
INST029,2025-12-24,446.12,7830257,0.3652,2026-01-15T00:00:00Z
INST030,2025-12-25,4270.11,5392954,0.5853,2026-01-15T00:00:00Z
INST031,2025-12-26,315.09,1033951,0.2232,2026-01-15T00:00:00Z
INST032,2025-12-27,2592.31,1841897,0.6187,2026-01-15T00:00:00Z
INST033,2025-12-28,3782.43,5757806,0.4341,2026-01-15T00:00:00Z
INST034,2025-12-29,1601.04,9920237,0.5313,2026-01-15T00:00:00Z
INST035,2025-12-30,2138.77,4015929,0.1579,2026-01-15T00:00:00Z
INST036,2025-12-31,2107.27,2886958,0.7472,2026-01-15T00:00:00Z
INST037,2025-10-01,3945.86,8187833,0.6784,2026-01-15T00:00:00Z
INST038,2025-10-02,3310.49,3169571,0.1740,2026-01-15T00:00:00Z
INST039,2025-10-03,2577.10,3708559,0.6869,2026-01-15T00:00:00Z
INST040,2025-10-04,3161.65,5132616,0.4721,2026-01-15T00:00:00Z
INST041,2025-10-05,1578.35,261398,0.5069,2026-01-15T00:00:00Z
INST042,2025-10-06,1263.71,4384282,0.4628,2026-01-15T00:00:00Z
INST043,2025-10-07,2805.46,7968396,0.3129,2026-01-15T00:00:00Z
INST044,2025-10-08,4035.66,5740677,0.6929,2026-01-15T00:00:00Z
INST045,2025-10-09,841.63,7224669,0.4501,2026-01-15T00:00:00Z
INST046,2025-10-10,4458.69,6807433,0.4207,2026-01-15T00:00:00Z
INST047,2025-10-11,3741.32,5388065,0.1158,2026-01-15T00:00:00Z
INST048,2025-10-12,1469.89,1650681,0.7033,2026-01-15T00:00:00Z
INST049,2025-10-13,3470.13,4603695,0.5078,2026-01-15T00:00:00Z
INST050,2025-10-14,1850.65,6327331,0.6943,2026-01-15T00:00:00Z
INST051,2025-10-15,4420.85,1529392,0.5653,2026-01-15T00:00:00Z
INST052,2025-10-16,1795.70,1781926,0.1933,2026-01-15T00:00:00Z
INST053,2025-10-17,1691.85,4844366,0.7374,2026-01-15T00:00:00Z
INST054,2025-10-18,1197.14,5382098,0.4206,2026-01-15T00:00:00Z
INST055,2025-10-19,378.80,1175718,0.5400,2026-01-15T00:00:00Z
INST056,2025-10-20,1319.88,7484709,0.5883,2026-01-15T00:00:00Z
INST057,2025-10-21,3439.39,2218945,0.7397,2026-01-15T00:00:00Z
INST058,2025-10-22,4624.17,782371,0.3146,2026-01-15T00:00:00Z
INST059,2025-10-23,4677.87,877572,0.0590,2026-01-15T00:00:00Z
INST060,2025-10-24,2342.77,6238801,0.1123,2026-01-15T00:00:00Z
INST061,2025-10-25,3325.58,5806781,0.1518,2026-01-15T00:00:00Z
INST062,2025-10-26,1378.36,3158398,0.1735,2026-01-15T00:00:00Z
INST063,2025-10-27,952.23,4167856,0.3024,2026-01-15T00:00:00Z
INST064,2025-10-28,2804.04,5810954,0.7500,2026-01-15T00:00:00Z
INST065,2025-10-29,118.57,9016846,0.0469,2026-01-15T00:00:00Z
INST066,2025-10-30,4374.41,2201081,0.7760,2026-01-15T00:00:00Z
INST067,2025-10-31,2372.51,7522168,0.6334,2026-01-15T00:00:00Z
INST068,2025-11-01,128.19,8796294,0.0518,2026-01-15T00:00:00Z
INST069,2025-11-02,1628.99,87995,0.7318,2026-01-15T00:00:00Z
INST070,2025-11-03,568.41,4851208,0.7158,2026-01-15T00:00:00Z
INST071,2025-11-04,1211.26,1816078,0.3040,2026-01-15T00:00:00Z
INST072,2025-11-05,4145.76,3385810,0.5295,2026-01-15T00:00:00Z
INST073,2025-11-06,4729.43,1456688,0.4178,2026-01-15T00:00:00Z
INST074,2025-11-07,4439.87,3705076,0.0253,2026-01-15T00:00:00Z
INST075,2025-11-08,439.11,3243080,0.7931,2026-01-15T00:00:00Z
INST076,2025-11-09,3646.81,5753087,0.7927,2026-01-15T00:00:00Z
INST077,2025-11-10,4120.36,806260,0.3025,2026-01-15T00:00:00Z
INST078,2025-11-11,100.30,4408496,0.7486,2026-01-15T00:00:00Z
INST079,2025-11-12,4810.68,7663872,0.5392,2026-01-15T00:00:00Z
INST080,2025-11-13,1980.43,5640856,0.7370,2026-01-15T00:00:00Z
INST081,2025-11-14,4066.23,4128031,0.1513,2026-01-15T00:00:00Z
INST082,2025-11-15,3643.88,7067436,0.7834,2026-01-15T00:00:00Z
INST083,2025-11-16,3847.81,1127230,0.7765,2026-01-15T00:00:00Z
INST084,2025-11-17,2980.66,749939,0.2628,2026-01-15T00:00:00Z
INST085,2025-11-18,4372.93,2222477,0.2858,2026-01-15T00:00:00Z
INST086,2025-11-19,4177.30,9580908,0.4666,2026-01-15T00:00:00Z
INST087,2025-11-20,2521.47,9027011,0.4343,2026-01-15T00:00:00Z
INST088,2025-11-21,4449.54,4111144,0.1572,2026-01-15T00:00:00Z
INST089,2025-11-22,1437.89,6888160,0.3568,2026-01-15T00:00:00Z
INST090,2025-11-23,385.32,1630852,0.5377,2026-01-15T00:00:00Z
INST091,2025-11-24,163.02,8428416,0.6795,2026-01-15T00:00:00Z
INST092,2025-11-25,2665.13,3055142,0.0538,2026-01-15T00:00:00Z
INST093,2025-11-26,1099.50,9310255,0.0717,2026-01-15T00:00:00Z
INST094,2025-11-27,1550.75,4293727,0.4476,2026-01-15T00:00:00Z
INST095,2025-11-28,3955.93,8031324,0.1652,2026-01-15T00:00:00Z
INST096,2025-11-29,898.61,5822768,0.5100,2026-01-15T00:00:00Z
INST097,2025-11-30,2360.15,6103876,0.1337,2026-01-15T00:00:00Z
INST098,2025-12-01,343.94,6851402,0.1371,2026-01-15T00:00:00Z
INST099,2025-12-02,2985.46,2092552,0.2350,2026-01-15T00:00:00Z
INST100,2025-12-03,2138.19,1891614,0.0388,2026-01-15T00:00:00Z
INST001,2025-12-04,507.07,7550622,0.4269,2026-01-15T00:00:00Z
INST002,2025-12-05,1088.42,2085925,0.0522,2026-01-15T00:00:00Z
INST003,2025-12-06,3361.16,5276798,0.6698,2026-01-15T00:00:00Z
INST004,2025-12-07,3139.31,6449592,0.7141,2026-01-15T00:00:00Z
INST005,2025-12-08,1345.66,6902629,0.0681,2026-01-15T00:00:00Z
INST006,2025-12-09,2738.57,1382424,0.2750,2026-01-15T00:00:00Z
INST007,2025-12-10,3443.23,4717659,0.7299,2026-01-15T00:00:00Z
INST008,2025-12-11,4251.15,3189046,0.4336,2026-01-15T00:00:00Z
INST009,2025-12-12,1607.17,2322815,0.5464,2026-01-15T00:00:00Z
INST010,2025-12-13,2372.04,7404674,0.5014,2026-01-15T00:00:00Z
INST011,2025-12-14,620.59,7525657,0.5966,2026-01-15T00:00:00Z
INST012,2025-12-15,4848.10,3803308,0.1246,2026-01-15T00:00:00Z
INST013,2025-12-16,1434.19,4991476,0.6921,2026-01-15T00:00:00Z
INST014,2025-12-17,1978.98,7596627,0.4126,2026-01-15T00:00:00Z
INST015,2025-12-18,451.87,8630141,0.0230,2026-01-15T00:00:00Z
INST016,2025-12-19,4160.93,6584465,0.1174,2026-01-15T00:00:00Z
INST017,2025-12-20,540.96,4958260,0.4185,2026-01-15T00:00:00Z
INST018,2025-12-21,3115.67,8277019,0.7094,2026-01-15T00:00:00Z
INST019,2025-12-22,44.46,1269451,0.5100,2026-01-15T00:00:00Z
INST020,2025-12-23,827.49,3869059,0.4129,2026-01-15T00:00:00Z
INST021,2025-12-24,3738.93,1863149,0.4375,2026-01-15T00:00:00Z
INST022,2025-12-25,256.15,3773901,0.0429,2026-01-15T00:00:00Z
INST023,2025-12-26,802.97,3021344,0.2475,2026-01-15T00:00:00Z
INST024,2025-12-27,2976.42,5905662,0.0153,2026-01-15T00:00:00Z
INST025,2025-12-28,2342.15,5522896,0.3095,2026-01-15T00:00:00Z
INST026,2025-12-29,1050.53,4366249,0.5535,2026-01-15T00:00:00Z
INST027,2025-12-30,4479.83,6554443,0.1862,2026-01-15T00:00:00Z
INST028,2025-12-31,2575.28,2954263,0.7787,2026-01-15T00:00:00Z
INST029,2025-10-01,4036.38,1592934,0.1141,2026-01-15T00:00:00Z
INST030,2025-10-02,1980.58,4152605,0.2152,2026-01-15T00:00:00Z
INST031,2025-10-03,358.91,1980997,0.1677,2026-01-15T00:00:00Z
INST032,2025-10-04,4502.61,8653166,0.5161,2026-01-15T00:00:00Z
INST033,2025-10-05,350.42,3383492,0.0177,2026-01-15T00:00:00Z
INST034,2025-10-06,3042.99,462435,0.7667,2026-01-15T00:00:00Z
INST035,2025-10-07,2682.34,7160710,0.2988,2026-01-15T00:00:00Z
INST036,2025-10-08,3848.48,9765096,0.1489,2026-01-15T00:00:00Z
INST037,2025-10-09,112.06,3348156,0.5858,2026-01-15T00:00:00Z
INST038,2025-10-10,3384.26,1829538,0.6782,2026-01-15T00:00:00Z
INST039,2025-10-11,1920.52,3940728,0.2941,2026-01-15T00:00:00Z
INST040,2025-10-12,3681.04,9321003,0.2638,2026-01-15T00:00:00Z
INST041,2025-10-13,1418.99,6064727,0.6346,2026-01-15T00:00:00Z
INST042,2025-10-14,4016.01,1024698,0.0315,2026-01-15T00:00:00Z
INST043,2025-10-15,3587.62,696241,0.6645,2026-01-15T00:00:00Z
INST044,2025-10-16,2965.89,9085877,0.5251,2026-01-15T00:00:00Z
INST045,2025-10-17,1275.47,7500911,0.5148,2026-01-15T00:00:00Z
INST046,2025-10-18,418.03,7034541,0.0864,2026-01-15T00:00:00Z
INST047,2025-10-19,3193.86,9220947,0.2657,2026-01-15T00:00:00Z
INST048,2025-10-20,3143.30,5164272,0.5457,2026-01-15T00:00:00Z
INST049,2025-10-21,3885.86,7465411,0.1851,2026-01-15T00:00:00Z
INST050,2025-10-22,2875.59,9201403,0.2060,2026-01-15T00:00:00Z
INST051,2025-10-23,3648.27,3170173,0.1739,2026-01-15T00:00:00Z
INST052,2025-10-24,4422.23,3204195,0.0673,2026-01-15T00:00:00Z
INST053,2025-10-25,3579.82,256970,0.1038,2026-01-15T00:00:00Z
INST054,2025-10-26,539.97,9595293,0.5801,2026-01-15T00:00:00Z
INST055,2025-10-27,1757.27,3987119,0.1000,2026-01-15T00:00:00Z
INST056,2025-10-28,4500.51,6142303,0.4574,2026-01-15T00:00:00Z
INST057,2025-10-29,4778.71,1113513,0.4862,2026-01-15T00:00:00Z
INST058,2025-10-30,1505.67,4363574,0.6528,2026-01-15T00:00:00Z
INST059,2025-10-31,166.16,901691,0.3608,2026-01-15T00:00:00Z
INST060,2025-11-01,2927.50,2976844,0.7736,2026-01-15T00:00:00Z
INST061,2025-11-02,4884.49,6509454,0.3381,2026-01-15T00:00:00Z
INST062,2025-11-03,2030.14,8697424,0.6407,2026-01-15T00:00:00Z
INST063,2025-11-04,605.93,4424773,0.3274,2026-01-15T00:00:00Z
INST064,2025-11-05,408.21,8860286,0.3787,2026-01-15T00:00:00Z
INST065,2025-11-06,2974.08,8328687,0.6817,2026-01-15T00:00:00Z
INST066,2025-11-07,4958.42,4734547,0.1717,2026-01-15T00:00:00Z
INST067,2025-11-08,3824.74,4421275,0.1551,2026-01-15T00:00:00Z
INST068,2025-11-09,2944.54,9543640,0.6091,2026-01-15T00:00:00Z
INST069,2025-11-10,1415.32,248174,0.4938,2026-01-15T00:00:00Z
INST070,2025-11-11,2613.59,5121351,0.7780,2026-01-15T00:00:00Z
INST071,2025-11-12,25.81,9980204,0.3881,2026-01-15T00:00:00Z
INST072,2025-11-13,2485.66,4194344,0.0488,2026-01-15T00:00:00Z
INST073,2025-11-14,1048.96,7439554,0.1609,2026-01-15T00:00:00Z
INST074,2025-11-15,483.69,5136960,0.1017,2026-01-15T00:00:00Z
INST075,2025-11-16,3227.93,632348,0.7245,2026-01-15T00:00:00Z
INST076,2025-11-17,2005.69,1768818,0.5284,2026-01-15T00:00:00Z
INST077,2025-11-18,4803.95,9592533,0.0336,2026-01-15T00:00:00Z
INST078,2025-11-19,4202.72,6980690,0.4058,2026-01-15T00:00:00Z
INST079,2025-11-20,855.61,4524065,0.7792,2026-01-15T00:00:00Z
INST080,2025-11-21,2851.08,2150795,0.4950,2026-01-15T00:00:00Z
INST081,2025-11-22,799.06,8250781,0.4278,2026-01-15T00:00:00Z
INST082,2025-11-23,534.12,137655,0.5505,2026-01-15T00:00:00Z
INST083,2025-11-24,4178.24,5019792,0.6447,2026-01-15T00:00:00Z
INST084,2025-11-25,4794.11,9741201,0.1226,2026-01-15T00:00:00Z
INST085,2025-11-26,3237.74,819667,0.1713,2026-01-15T00:00:00Z
INST086,2025-11-27,126.79,283751,0.3691,2026-01-15T00:00:00Z
INST087,2025-11-28,3503.21,3735787,0.5521,2026-01-15T00:00:00Z
INST088,2025-11-29,3524.45,7885466,0.6026,2026-01-15T00:00:00Z
INST089,2025-11-30,2681.40,7221124,0.4606,2026-01-15T00:00:00Z
INST090,2025-12-01,3374.50,6157465,0.3120,2026-01-15T00:00:00Z
INST091,2025-12-02,3634.01,6523391,0.0674,2026-01-15T00:00:00Z
INST092,2025-12-03,581.05,2127406,0.3944,2026-01-15T00:00:00Z
INST093,2025-12-04,1838.01,7386240,0.0882,2026-01-15T00:00:00Z
INST094,2025-12-05,695.50,9631359,0.2064,2026-01-15T00:00:00Z
INST095,2025-12-06,412.48,5038424,0.3108,2026-01-15T00:00:00Z
INST096,2025-12-07,2779.22,4025334,0.6937,2026-01-15T00:00:00Z
INST097,2025-12-08,1960.90,8423125,0.1121,2026-01-15T00:00:00Z
INST098,2025-12-09,2954.50,1876390,0.1645,2026-01-15T00:00:00Z
INST099,2025-12-10,2336.57,6359978,0.2194,2026-01-15T00:00:00Z
INST100,2025-12-11,4141.00,7698490,0.5520,2026-01-15T00:00:00Z
INST001,2025-12-12,335.42,3027185,0.7783,2026-01-15T00:00:00Z
INST002,2025-12-13,4635.02,8770811,0.5978,2026-01-15T00:00:00Z
INST003,2025-12-14,1128.99,4074005,0.2503,2026-01-15T00:00:00Z
INST004,2025-12-15,672.18,1772087,0.5809,2026-01-15T00:00:00Z
INST005,2025-12-16,4895.82,914366,0.6590,2026-01-15T00:00:00Z
INST006,2025-12-17,793.93,1750073,0.3024,2026-01-15T00:00:00Z
INST007,2025-12-18,2706.76,7830485,0.4338,2026-01-15T00:00:00Z
INST008,2025-12-19,1497.05,2898587,0.2583,2026-01-15T00:00:00Z
INST009,2025-12-20,528.94,5605243,0.1759,2026-01-15T00:00:00Z
INST010,2025-12-21,2430.20,8863633,0.1407,2026-01-15T00:00:00Z
INST011,2025-12-22,4264.32,6879286,0.6379,2026-01-15T00:00:00Z
INST012,2025-12-23,423.73,642879,0.7803,2026-01-15T00:00:00Z
INST013,2025-12-24,2534.39,8040545,0.1107,2026-01-15T00:00:00Z
INST014,2025-12-25,2912.32,8658806,0.5697,2026-01-15T00:00:00Z
INST015,2025-12-26,154.41,3433474,0.1328,2026-01-15T00:00:00Z
INST016,2025-12-27,4661.59,9952818,0.5223,2026-01-15T00:00:00Z
INST017,2025-12-28,2894.09,3015055,0.3171,2026-01-15T00:00:00Z
INST018,2025-12-29,1183.37,1160655,0.3614,2026-01-15T00:00:00Z
INST019,2025-12-30,4900.39,3000407,0.5260,2026-01-15T00:00:00Z
INST020,2025-12-31,2427.16,7043181,0.6250,2026-01-15T00:00:00Z
INST021,2025-10-01,4022.29,5037175,0.3477,2026-01-15T00:00:00Z
INST022,2025-10-02,1934.70,3087264,0.3306,2026-01-15T00:00:00Z
INST023,2025-10-03,85.08,3373445,0.6004,2026-01-15T00:00:00Z
INST024,2025-10-04,3944.98,9587720,0.7772,2026-01-15T00:00:00Z
INST025,2025-10-05,2880.13,5630824,0.6464,2026-01-15T00:00:00Z
INST026,2025-10-06,530.20,7842820,0.2048,2026-01-15T00:00:00Z
INST027,2025-10-07,2361.16,516964,0.0834,2026-01-15T00:00:00Z
INST028,2025-10-08,343.30,4393799,0.2155,2026-01-15T00:00:00Z
INST029,2025-10-09,991.43,9488936,0.5733,2026-01-15T00:00:00Z
INST030,2025-10-10,1431.01,9706320,0.6161,2026-01-15T00:00:00Z
INST031,2025-10-11,3615.32,1438417,0.3869,2026-01-15T00:00:00Z
INST032,2025-10-12,479.44,24843,0.7290,2026-01-15T00:00:00Z
INST033,2025-10-13,754.38,3503338,0.4791,2026-01-15T00:00:00Z
INST034,2025-10-14,1709.28,7116419,0.1529,2026-01-15T00:00:00Z
INST035,2025-10-15,238.72,1766758,0.2443,2026-01-15T00:00:00Z
INST036,2025-10-16,2862.79,6165307,0.6326,2026-01-15T00:00:00Z
INST037,2025-10-17,3255.33,4699774,0.0193,2026-01-15T00:00:00Z
INST038,2025-10-18,1556.54,8347500,0.1917,2026-01-15T00:00:00Z
INST039,2025-10-19,851.43,1284139,0.5099,2026-01-15T00:00:00Z
INST040,2025-10-20,3606.04,7525711,0.0642,2026-01-15T00:00:00Z
INST041,2025-10-21,4141.64,6094308,0.3343,2026-01-15T00:00:00Z
INST042,2025-10-22,4852.50,4512804,0.4761,2026-01-15T00:00:00Z
INST043,2025-10-23,3758.10,463410,0.3779,2026-01-15T00:00:00Z
INST044,2025-10-24,3832.13,5282933,0.7601,2026-01-15T00:00:00Z
INST045,2025-10-25,691.24,415489,0.5319,2026-01-15T00:00:00Z
INST046,2025-10-26,4477.96,3386105,0.4764,2026-01-15T00:00:00Z
INST047,2025-10-27,3353.67,761063,0.0382,2026-01-15T00:00:00Z
INST048,2025-10-28,1269.59,5454053,0.4740,2026-01-15T00:00:00Z
INST049,2025-10-29,581.62,3050244,0.1874,2026-01-15T00:00:00Z
INST050,2025-10-30,3142.28,978313,0.6057,2026-01-15T00:00:00Z
INST051,2025-10-31,312.35,3583574,0.5261,2026-01-15T00:00:00Z
INST052,2025-11-01,527.63,4850877,0.1419,2026-01-15T00:00:00Z
INST053,2025-11-02,651.89,392284,0.2062,2026-01-15T00:00:00Z
INST054,2025-11-03,1958.45,8690183,0.4839,2026-01-15T00:00:00Z
INST055,2025-11-04,2203.57,415547,0.4579,2026-01-15T00:00:00Z
INST056,2025-11-05,3455.74,226502,0.3297,2026-01-15T00:00:00Z
INST057,2025-11-06,2165.86,5567576,0.6836,2026-01-15T00:00:00Z
INST058,2025-11-07,278.88,2932577,0.3222,2026-01-15T00:00:00Z
INST059,2025-11-08,2495.94,9208129,0.4957,2026-01-15T00:00:00Z
INST060,2025-11-09,4375.52,1471504,0.5752,2026-01-15T00:00:00Z
INST061,2025-11-10,4471.85,3088310,0.2689,2026-01-15T00:00:00Z
INST062,2025-11-11,1909.29,2359056,0.2826,2026-01-15T00:00:00Z
INST063,2025-11-12,2913.09,6463878,0.1580,2026-01-15T00:00:00Z
INST064,2025-11-13,4549.34,2556725,0.2265,2026-01-15T00:00:00Z
INST065,2025-11-14,3542.71,2386217,0.3402,2026-01-15T00:00:00Z
INST066,2025-11-15,4637.02,9382767,0.5270,2026-01-15T00:00:00Z
INST067,2025-11-16,1328.21,6929863,0.1793,2026-01-15T00:00:00Z
INST068,2025-11-17,2132.49,2243171,0.7471,2026-01-15T00:00:00Z
INST069,2025-11-18,1082.29,4510120,0.3024,2026-01-15T00:00:00Z
INST070,2025-11-19,3270.38,5626062,0.4083,2026-01-15T00:00:00Z
INST071,2025-11-20,1968.56,100806,0.2739,2026-01-15T00:00:00Z
INST072,2025-11-21,2405.51,7738789,0.5025,2026-01-15T00:00:00Z
INST073,2025-11-22,1158.09,5952816,0.7952,2026-01-15T00:00:00Z
INST074,2025-11-23,3394.32,193192,0.6404,2026-01-15T00:00:00Z
INST075,2025-11-24,2998.64,4804434,0.5333,2026-01-15T00:00:00Z
INST076,2025-11-25,1814.40,9928101,0.0188,2026-01-15T00:00:00Z
INST077,2025-11-26,4238.54,9740364,0.2965,2026-01-15T00:00:00Z
INST078,2025-11-27,1455.21,9128158,0.1124,2026-01-15T00:00:00Z
INST079,2025-11-28,2792.76,243358,0.3260,2026-01-15T00:00:00Z
INST080,2025-11-29,1470.23,1016986,0.1797,2026-01-15T00:00:00Z
INST081,2025-11-30,541.07,5317024,0.7529,2026-01-15T00:00:00Z
INST082,2025-12-01,4997.31,1520970,0.2406,2026-01-15T00:00:00Z
INST083,2025-12-02,1980.21,7390528,0.1620,2026-01-15T00:00:00Z
INST084,2025-12-03,3805.01,8153353,0.6701,2026-01-15T00:00:00Z
INST085,2025-12-04,2919.01,4701956,0.3875,2026-01-15T00:00:00Z
INST086,2025-12-05,4902.74,1240410,0.2391,2026-01-15T00:00:00Z
INST087,2025-12-06,91.09,8311690,0.0617,2026-01-15T00:00:00Z
INST088,2025-12-07,4313.33,7741333,0.6333,2026-01-15T00:00:00Z
INST089,2025-12-08,1578.40,9123829,0.1634,2026-01-15T00:00:00Z
INST090,2025-12-09,4627.88,8793601,0.5751,2026-01-15T00:00:00Z
INST091,2025-12-10,4195.30,9660751,0.0129,2026-01-15T00:00:00Z
INST092,2025-12-11,1489.90,907396,0.3005,2026-01-15T00:00:00Z
INST093,2025-12-12,3850.43,2856290,0.3769,2026-01-15T00:00:00Z
INST094,2025-12-13,4812.77,2533583,0.0316,2026-01-15T00:00:00Z
INST095,2025-12-14,1269.49,7608719,0.4746,2026-01-15T00:00:00Z
INST096,2025-12-15,1759.11,1139116,0.3027,2026-01-15T00:00:00Z
INST097,2025-12-16,2498.88,5439051,0.6791,2026-01-15T00:00:00Z
INST098,2025-12-17,3500.86,5769536,0.2070,2026-01-15T00:00:00Z
INST099,2025-12-18,4654.94,378009,0.4951,2026-01-15T00:00:00Z
INST100,2025-12-19,2831.46,2424699,0.0427,2026-01-15T00:00:00Z
