position_id,portfolio_id,instrument_id,quantity,entry_price,entry_date,_loaded_at
POS0001,PORT014,INST067,8880,3508.37,2024-04-29,2026-01-15T00:00:00Z
POS0002,PORT006,INST049,3690,1448.55,2024-08-18,2026-01-15T00:00:00Z
POS0003,PORT004,INST073,145,501.80,2025-06-10,2026-01-15T00:00:00Z
POS0004,PORT010,INST089,6201,2955.39,2025-12-08,2026-01-15T00:00:00Z
POS0005,PORT011,INST046,1206,1694.77,2024-10-16,2026-01-15T00:00:00Z
POS0006,PORT020,INST021,1836,2555.56,2025-08-25,2026-01-15T00:00:00Z
POS0007,PORT004,INST035,5168,539.48,2025-10-02,2026-01-15T00:00:00Z
POS0008,PORT010,INST005,5646,1930.01,2025-05-03,2026-01-15T00:00:00Z
POS0009,PORT016,INST025,3090,651.08,2024-09-10,2026-01-15T00:00:00Z
POS0010,PORT002,INST006,7150,3549.60,2025-12-31,2026-01-15T00:00:00Z
POS0011,PORT011,INST048,7715,3153.16,2025-08-27,2026-01-15T00:00:00Z
POS0012,PORT018,INST020,3822,2417.77,2025-12-01,2026-01-15T00:00:00Z
POS0013,PORT012,INST079,715,1390.57,2024-01-10,2026-01-15T00:00:00Z
POS0014,PORT008,INST002,9504,3767.52,2025-10-24,2026-01-15T00:00:00Z
POS0015,PORT018,INST070,4616,4973.33,2024-12-31,2026-01-15T00:00:00Z
POS0016,PORT019,INST026,6628,558.48,2024-12-14,2026-01-15T00:00:00Z
POS0017,PORT004,INST029,9941,3583.80,2025-03-19,2026-01-15T00:00:00Z
POS0018,PORT002,INST087,7766,613.33,2024-07-02,2026-01-15T00:00:00Z
POS0019,PORT001,INST080,4812,4605.32,2024-03-05,2026-01-15T00:00:00Z
POS0020,PORT009,INST010,111,2176.81,2024-07-01,2026-01-15T00:00:00Z
POS0021,PORT017,INST081,3157,4290.40,2024-03-03,2026-01-15T00:00:00Z
POS0022,PORT009,INST062,4302,4867.93,2025-06-08,2026-01-15T00:00:00Z
POS0023,PORT020,INST043,8952,3988.46,2024-03-07,2026-01-15T00:00:00Z
POS0024,PORT010,INST063,4914,2006.41,2024-11-05,2026-01-15T00:00:00Z
POS0025,PORT018,INST058,1193,1587.67,2024-05-14,2026-01-15T00:00:00Z
POS0026,PORT005,INST085,2170,372.73,2025-03-28,2026-01-15T00:00:00Z
POS0027,PORT013,INST084,5656,4559.90,2024-03-27,2026-01-15T00:00:00Z
POS0028,PORT009,INST074,2188,1393.69,2025-06-30,2026-01-15T00:00:00Z
POS0029,PORT017,INST047,3984,174.29,2024-08-27,2026-01-15T00:00:00Z
POS0030,PORT018,INST063,1197,2522.40,2025-02-26,2026-01-15T00:00:00Z
POS0031,PORT005,INST058,4098,659.28,2025-09-03,2026-01-15T00:00:00Z
POS0032,PORT012,INST068,1850,1596.21,2024-11-29,2026-01-15T00:00:00Z
POS0033,PORT016,INST019,79,395.78,2025-02-19,2026-01-15T00:00:00Z
POS0034,PORT013,INST049,9424,4813.21,2025-12-04,2026-01-15T00:00:00Z
POS0035,PORT017,INST058,3600,1104.18,2025-12-09,2026-01-15T00:00:00Z
POS0036,PORT005,INST095,84,1669.45,2024-01-15,2026-01-15T00:00:00Z
POS0037,PORT018,INST090,3472,3039.41,2024-06-19,2026-01-15T00:00:00Z
POS0038,PORT007,INST070,257,386.98,2024-04-07,2026-01-15T00:00:00Z
POS0039,PORT013,INST069,8216,256.73,2024-11-11,2026-01-15T00:00:00Z
POS0040,PORT013,INST017,4603,4600.96,2025-10-09,2026-01-15T00:00:00Z
POS0041,PORT006,INST087,1091,1609.83,2025-08-30,2026-01-15T00:00:00Z
POS0042,PORT011,INST084,4731,82.52,2024-07-29,2026-01-15T00:00:00Z
POS0043,PORT004,INST025,264,829.91,2024-06-26,2026-01-15T00:00:00Z
POS0044,PORT018,INST015,2584,4480.93,2025-12-15,2026-01-15T00:00:00Z
POS0045,PORT009,INST049,6139,1242.13,2024-10-08,2026-01-15T00:00:00Z
POS0046,PORT005,INST039,4316,3865.69,2024-06-16,2026-01-15T00:00:00Z
POS0047,PORT006,INST062,2929,1422.61,2025-05-14,2026-01-15T00:00:00Z
POS0048,PORT016,INST037,4865,3444.01,2025-03-31,2026-01-15T00:00:00Z
POS0049,PORT016,INST049,7873,2288.59,2025-12-07,2026-01-15T00:00:00Z
POS0050,PORT009,INST075,3167,1259.60,2024-08-18,2026-01-15T00:00:00Z
POS0051,PORT016,INST083,2854,1725.30,2025-01-07,2026-01-15T00:00:00Z
POS0052,PORT008,INST055,7036,1531.44,2024-10-06,2026-01-15T00:00:00Z
POS0053,PORT018,INST090,7162,487.58,2024-08-23,2026-01-15T00:00:00Z
POS0054,PORT018,INST039,319,864.85,2025-10-15,2026-01-15T00:00:00Z
POS0055,PORT007,INST086,5313,3292.43,2025-10-13,2026-01-15T00:00:00Z
POS0056,PORT011,INST057,8145,4736.30,2025-08-09,2026-01-15T00:00:00Z
POS0057,PORT019,INST007,4790,841.39,2024-08-15,2026-01-15T00:00:00Z
POS0058,PORT019,INST044,154,4713.36,2024-06-22,2026-01-15T00:00:00Z
POS0059,PORT002,INST086,7820,243.63,2025-12-10,2026-01-15T00:00:00Z
POS0060,PORT003,INST040,6276,605.79,2025-03-27,2026-01-15T00:00:00Z
POS0061,PORT009,INST008,3783,2654.52,2025-01-01,2026-01-15T00:00:00Z
POS0062,PORT003,INST007,895,93.01,2025-12-31,2026-01-15T00:00:00Z
POS0063,PORT018,INST044,8131,560.16,2025-07-06,2026-01-15T00:00:00Z
POS0064,PORT011,INST058,3751,4327.31,2025-12-21,2026-01-15T00:00:00Z
POS0065,PORT018,INST063,493,223.30,2025-02-04,2026-01-15T00:00:00Z
POS0066,PORT001,INST094,9144,3193.71,2024-04-25,2026-01-15T00:00:00Z
POS0067,PORT020,INST100,3596,3155.35,2025-08-14,2026-01-15T00:00:00Z
POS0068,PORT018,INST056,9151,3462.68,2025-02-02,2026-01-15T00:00:00Z
POS0069,PORT016,INST076,8536,3364.85,2024-08-07,2026-01-15T00:00:00Z
POS0070,PORT003,INST069,6209,564.27,2025-06-21,2026-01-15T00:00:00Z
POS0071,PORT005,INST027,1568,1277.77,2024-10-08,2026-01-15T00:00:00Z
POS0072,PORT009,INST030,8777,1718.58,2025-09-25,2026-01-15T00:00:00Z
POS0073,PORT017,INST049,8989,133.73,2024-07-19,2026-01-15T00:00:00Z
POS0074,PORT014,INST002,7354,2001.12,2024-01-15,2026-01-15T00:00:00Z
POS0075,PORT013,INST032,3223,963.31,2025-08-05,2026-01-15T00:00:00Z
POS0076,PORT011,INST055,5493,2105.08,2024-12-03,2026-01-15T00:00:00Z
POS0077,PORT002,INST051,5348,2342.20,2025-07-20,2026-01-15T00:00:00Z
POS0078,PORT018,INST034,9633,1834.63,2024-02-13,2026-01-15T00:00:00Z
POS0079,PORT016,INST098,8002,3568.07,2025-11-04,2026-01-15T00:00:00Z
POS0080,PORT004,INST036,5022,1210.29,2024-10-22,2026-01-15T00:00:00Z
POS0081,PORT019,INST077,8704,4533.86,2025-04-11,2026-01-15T00:00:00Z
POS0082,PORT001,INST079,1358,4937.35,2025-05-16,2026-01-15T00:00:00Z
POS0083,PORT010,INST031,8651,4771.92,2025-11-21,2026-01-15T00:00:00Z
POS0084,PORT008,INST042,2582,1374.91,2024-01-23,2026-01-15T00:00:00Z
POS0085,PORT018,INST012,6786,4895.83,2025-07-26,2026-01-15T00:00:00Z
POS0086,PORT020,INST031,9927,4204.04,2025-12-24,2026-01-15T00:00:00Z
POS0087,PORT018,INST026,7950,4913.11,2024-11-04,2026-01-15T00:00:00Z
POS0088,PORT019,INST042,2363,4949.53,2025-02-09,2026-01-15T00:00:00Z
POS0089,PORT010,INST082,9004,3085.15,2025-01-14,2026-01-15T00:00:00Z
POS0090,PORT017,INST006,6103,1366.47,2024-02-16,2026-01-15T00:00:00Z
POS0091,PORT003,INST071,5710,2606.93,2025-02-14,2026-01-15T00:00:00Z
POS0092,PORT018,INST082,8175,1753.24,2024-06-12,2026-01-15T00:00:00Z
POS0093,PORT001,INST021,4242,2452.88,2025-10-23,2026-01-15T00:00:00Z
POS0094,PORT014,INST005,4330,2730.98,2024-01-01,2026-01-15T00:00:00Z
POS0095,PORT011,INST050,4228,59.30,2024-04-14,2026-01-15T00:00:00Z
POS0096,PORT015,INST081,4197,4758.63,2024-11-10,2026-01-15T00:00:00Z
POS0097,PORT001,INST005,2915,1755.25,2025-03-10,2026-01-15T00:00:00Z
POS0098,PORT010,INST056,8625,430.44,2024-11-02,2026-01-15T00:00:00Z
POS0099,PORT001,INST053,3252,579.58,2025-10-11,2026-01-15T00:00:00Z
POS0100,PORT015,INST049,7343,3874.53,2025-11-27,2026-01-15T00:00:00Z
POS0101,PORT008,INST025,5198,3528.93,2025-01-13,2026-01-15T00:00:00Z
POS0102,PORT013,INST100,339,763.60,2025-06-13,2026-01-15T00:00:00Z
POS0103,PORT016,INST038,8559,1948.31,2025-08-13,2026-01-15T00:00:00Z
POS0104,PORT008,INST077,6975,1425.32,2025-12-08,2026-01-15T00:00:00Z
POS0105,PORT017,INST056,1630,1705.28,2024-06-28,2026-01-15T00:00:00Z
POS0106,PORT020,INST059,1936,3365.22,2024-11-13,2026-01-15T00:00:00Z
POS0107,PORT004,INST066,840,733.75,2024-03-21,2026-01-15T00:00:00Z
POS0108,PORT002,INST089,1490,228.73,2024-05-09,2026-01-15T00:00:00Z
POS0109,PORT005,INST033,176,1890.39,2024-02-28,2026-01-15T00:00:00Z
POS0110,PORT007,INST066,510,4969.73,2025-07-20,2026-01-15T00:00:00Z
POS0111,PORT008,INST056,281,179.06,2024-05-04,2026-01-15T00:00:00Z
POS0112,PORT015,INST048,7648,4120.12,2024-07-30,2026-01-15T00:00:00Z
POS0113,PORT012,INST048,2133,4266.63,2025-10-23,2026-01-15T00:00:00Z
POS0114,PORT003,INST064,625,241.00,2024-09-03,2026-01-15T00:00:00Z
POS0115,PORT009,INST089,6013,2076.94,2025-11-29,2026-01-15T00:00:00Z
POS0116,PORT015,INST095,9013,1438.76,2025-04-21,2026-01-15T00:00:00Z
POS0117,PORT005,INST047,9657,846.56,2024-05-27,2026-01-15T00:00:00Z
POS0118,PORT011,INST035,517,1049.04,2025-07-23,2026-01-15T00:00:00Z
POS0119,PORT001,INST085,7083,1462.07,2025-02-20,2026-01-15T00:00:00Z
POS0120,PORT014,INST005,6408,639.83,2024-04-05,2026-01-15T00:00:00Z
POS0121,PORT015,INST086,3754,4566.74,2024-02-14,2026-01-15T00:00:00Z
POS0122,PORT018,INST095,1420,3725.16,2024-07-31,2026-01-15T00:00:00Z
POS0123,PORT012,INST010,9928,3903.50,2025-11-13,2026-01-15T00:00:00Z
POS0124,PORT001,INST034,762,3259.96,2025-10-30,2026-01-15T00:00:00Z
POS0125,PORT004,INST078,5639,4130.38,2024-10-06,2026-01-15T00:00:00Z
POS0126,PORT008,INST019,2422,1440.86,2025-03-01,2026-01-15T00:00:00Z
POS0127,PORT020,INST009,2599,568.56,2025-10-03,2026-01-15T00:00:00Z
POS0128,PORT009,INST040,1403,4052.88,2024-05-21,2026-01-15T00:00:00Z
POS0129,PORT004,INST068,6824,4313.53,2025-02-05,2026-01-15T00:00:00Z
POS0130,PORT004,INST093,4662,4260.21,2025-09-27,2026-01-15T00:00:00Z
POS0131,PORT002,INST082,4014,290.74,2024-10-21,2026-01-15T00:00:00Z
POS0132,PORT013,INST090,9527,3748.54,2024-07-11,2026-01-15T00:00:00Z
POS0133,PORT008,INST100,2787,1579.23,2024-03-01,2026-01-15T00:00:00Z
POS0134,PORT009,INST095,3049,2072.72,2025-04-28,2026-01-15T00:00:00Z
POS0135,PORT002,INST079,5368,726.71,2024-09-06,2026-01-15T00:00:00Z
POS0136,PORT002,INST065,178,4540.58,2025-08-19,2026-01-15T00:00:00Z
POS0137,PORT012,INST001,6868,3680.32,2025-03-21,2026-01-15T00:00:00Z
POS0138,PORT014,INST074,7091,2079.67,2025-09-20,2026-01-15T00:00:00Z
POS0139,PORT020,INST050,5949,3167.55,2025-08-09,2026-01-15T00:00:00Z
POS0140,PORT017,INST053,570,4806.34,2024-02-28,2026-01-15T00:00:00Z
POS0141,PORT013,INST058,7984,3743.94,2025-03-08,2026-01-15T00:00:00Z
POS0142,PORT014,INST056,6700,1188.81,2025-11-30,2026-01-15T00:00:00Z
POS0143,PORT014,INST092,2606,4040.20,2025-05-18,2026-01-15T00:00:00Z
POS0144,PORT004,INST027,2052,866.50,2025-06-23,2026-01-15T00:00:00Z
POS0145,PORT017,INST058,1184,4854.63,2024-02-12,2026-01-15T00:00:00Z
POS0146,PORT020,INST066,8372,4954.06,2024-09-20,2026-01-15T00:00:00Z
POS0147,PORT019,INST062,6359,4034.79,2025-01-03,2026-01-15T00:00:00Z
POS0148,PORT017,INST028,1314,3172.84,2025-12-28,2026-01-15T00:00:00Z
POS0149,PORT006,INST078,6049,4227.42,2024-06-28,2026-01-15T00:00:00Z
POS0150,PORT011,INST024,7873,1748.19,2024-01-24,2026-01-15T00:00:00Z
POS0151,PORT003,INST022,4612,1899.67,2025-07-14,2026-01-15T00:00:00Z
POS0152,PORT013,INST087,4821,974.62,2024-08-20,2026-01-15T00:00:00Z
POS0153,PORT004,INST047,5552,3808.83,2025-03-05,2026-01-15T00:00:00Z
POS0154,PORT012,INST014,7543,2367.89,2025-09-05,2026-01-15T00:00:00Z
POS0155,PORT005,INST059,8294,806.54,2025-11-21,2026-01-15T00:00:00Z
POS0156,PORT007,INST071,9765,2611.00,2025-10-10,2026-01-15T00:00:00Z
POS0157,PORT003,INST061,365,1131.33,2024-11-06,2026-01-15T00:00:00Z
POS0158,PORT002,INST058,9677,3728.68,2025-05-27,2026-01-15T00:00:00Z
POS0159,PORT007,INST041,7652,3009.43,2024-06-20,2026-01-15T00:00:00Z
POS0160,PORT007,INST053,5435,1059.24,2024-06-08,2026-01-15T00:00:00Z
POS0161,PORT015,INST049,1012,1461.23,2024-06-12,2026-01-15T00:00:00Z
POS0162,PORT014,INST098,7109,2698.48,2024-03-26,2026-01-15T00:00:00Z
POS0163,PORT015,INST083,1204,3589.08,2024-12-17,2026-01-15T00:00:00Z
POS0164,PORT017,INST069,90,867.03,2024-10-06,2026-01-15T00:00:00Z
POS0165,PORT008,INST023,1235,3782.85,2024-10-02,2026-01-15T00:00:00Z
POS0166,PORT008,INST071,6974,4358.43,2024-12-13,2026-01-15T00:00:00Z
POS0167,PORT001,INST089,9259,215.72,2024-07-26,2026-01-15T00:00:00Z
POS0168,PORT016,INST072,2469,3044.42,2025-04-29,2026-01-15T00:00:00Z
POS0169,PORT018,INST047,2074,3160.65,2025-09-13,2026-01-15T00:00:00Z
POS0170,PORT019,INST025,438,3280.61,2024-01-14,2026-01-15T00:00:00Z
POS0171,PORT011,INST018,4869,334.11,2025-07-01,2026-01-15T00:00:00Z
POS0172,PORT017,INST034,209,4804.13,2025-03-06,2026-01-15T00:00:00Z
POS0173,PORT011,INST004,8772,1325.44,2025-03-13,2026-01-15T00:00:00Z
POS0174,PORT020,INST003,7948,2419.36,2024-05-16,2026-01-15T00:00:00Z
POS0175,PORT012,INST042,3300,3936.99,2025-08-11,2026-01-15T00:00:00Z
POS0176,PORT003,INST069,4064,2979.59,2024-11-04,2026-01-15T00:00:00Z
POS0177,PORT016,INST023,6482,1988.79,2024-06-28,2026-01-15T00:00:00Z
POS0178,PORT008,INST036,476,4899.22,2024-01-08,2026-01-15T00:00:00Z
POS0179,PORT015,INST073,6573,4371.97,2024-03-26,2026-01-15T00:00:00Z
POS0180,PORT019,INST042,5301,3448.14,2024-06-11,2026-01-15T00:00:00Z
POS0181,PORT020,INST085,8246,2012.00,2024-06-25,2026-01-15T00:00:00Z
POS0182,PORT010,INST063,1661,1708.98,2025-10-27,2026-01-15T00:00:00Z
POS0183,PORT001,INST082,1133,3946.29,2025-12-11,2026-01-15T00:00:00Z
POS0184,PORT006,INST048,152,3538.17,2025-05-28,2026-01-15T00:00:00Z
POS0185,PORT014,INST077,2324,51.82,2025-03-24,2026-01-15T00:00:00Z
POS0186,PORT004,INST011,9193,4321.93,2025-08-11,2026-01-15T00:00:00Z
POS0187,PORT016,INST039,1026,457.90,2024-06-22,2026-01-15T00:00:00Z
POS0188,PORT020,INST042,9597,193.86,2025-09-23,2026-01-15T00:00:00Z
POS0189,PORT001,INST032,7605,415.83,2024-05-10,2026-01-15T00:00:00Z
POS0190,PORT005,INST031,2929,2968.72,2025-04-29,2026-01-15T00:00:00Z
POS0191,PORT005,INST073,5770,1933.34,2025-09-13,2026-01-15T00:00:00Z
POS0192,PORT012,INST002,1757,4674.06,2024-10-08,2026-01-15T00:00:00Z
POS0193,PORT015,INST042,8938,251.73,2024-12-20,2026-01-15T00:00:00Z
POS0194,PORT017,INST024,8359,1365.47,2025-10-12,2026-01-15T00:00:00Z
POS0195,PORT004,INST028,9497,2955.67,2025-06-13,2026-01-15T00:00:00Z
POS0196,PORT015,INST091,6806,1459.31,2024-10-06,2026-01-15T00:00:00Z
POS0197,PORT003,INST005,6488,3616.52,2024-08-10,2026-01-15T00:00:00Z
POS0198,PORT014,INST008,1300,1768.92,2024-12-01,2026-01-15T00:00:00Z
POS0199,PORT002,INST039,7598,3208.12,2025-06-22,2026-01-15T00:00:00Z
POS0200,PORT002,INST004,4109,3447.88,2024-06-13,2026-01-15T00:00:00Z
POS0201,PORT020,INST006,5202,4444.49,2024-10-04,2026-01-15T00:00:00Z
POS0202,PORT002,INST066,4118,1428.11,2024-06-25,2026-01-15T00:00:00Z
POS0203,PORT014,INST028,1551,4544.83,2024-04-22,2026-01-15T00:00:00Z
POS0204,PORT001,INST048,8176,3650.68,2024-10-14,2026-01-15T00:00:00Z
POS0205,PORT019,INST051,146,3379.06,2025-08-07,2026-01-15T00:00:00Z
POS0206,PORT015,INST053,2740,4429.06,2024-10-25,2026-01-15T00:00:00Z
POS0207,PORT006,INST004,5190,3937.78,2025-09-21,2026-01-15T00:00:00Z
POS0208,PORT015,INST037,7678,231.65,2025-02-12,2026-01-15T00:00:00Z
POS0209,PORT004,INST011,1824,4550.86,2025-02-09,2026-01-15T00:00:00Z
POS0210,PORT018,INST079,3277,1792.25,2024-05-05,2026-01-15T00:00:00Z
POS0211,PORT017,INST065,9567,4279.67,2024-12-24,2026-01-15T00:00:00Z
POS0212,PORT017,INST031,1183,4341.95,2025-05-21,2026-01-15T00:00:00Z
POS0213,PORT007,INST068,3222,2898.76,2025-04-14,2026-01-15T00:00:00Z
POS0214,PORT003,INST038,8809,4394.75,2025-10-01,2026-01-15T00:00:00Z
POS0215,PORT002,INST097,25,4603.84,2024-11-29,2026-01-15T00:00:00Z
POS0216,PORT019,INST089,8449,1047.71,2024-01-23,2026-01-15T00:00:00Z
POS0217,PORT016,INST061,5002,3647.20,2025-03-20,2026-01-15T00:00:00Z
POS0218,PORT008,INST099,4786,4516.04,2025-09-27,2026-01-15T00:00:00Z
POS0219,PORT013,INST078,2045,560.66,2024-03-24,2026-01-15T00:00:00Z
POS0220,PORT007,INST052,2394,2644.67,2024-06-29,2026-01-15T00:00:00Z
POS0221,PORT002,INST024,8115,2602.88,2025-11-26,2026-01-15T00:00:00Z
POS0222,PORT012,INST042,1942,1530.44,2025-10-21,2026-01-15T00:00:00Z
POS0223,PORT011,INST032,916,3479.07,2024-11-12,2026-01-15T00:00:00Z
POS0224,PORT004,INST002,509,3959.41,2024-03-08,2026-01-15T00:00:00Z
POS0225,PORT019,INST025,3309,731.88,2024-09-10,2026-01-15T00:00:00Z
POS0226,PORT006,INST058,9790,676.29,2024-11-16,2026-01-15T00:00:00Z
POS0227,PORT008,INST035,4932,487.86,2025-08-16,2026-01-15T00:00:00Z
POS0228,PORT003,INST096,1455,2291.55,2024-01-25,2026-01-15T00:00:00Z
POS0229,PORT011,INST071,8264,4492.77,2024-12-03,2026-01-15T00:00:00Z
POS0230,PORT001,INST072,7879,633.15,2025-01-02,2026-01-15T00:00:00Z
POS0231,PORT010,INST035,8821,4532.69,2024-06-30,2026-01-15T00:00:00Z
POS0232,PORT005,INST051,5762,3359.64,2025-03-25,2026-01-15T00:00:00Z
POS0233,PORT020,INST042,706,3707.26,2025-05-04,2026-01-15T00:00:00Z
POS0234,PORT001,INST062,5277,3942.90,2024-07-27,2026-01-15T00:00:00Z
POS0235,PORT009,INST042,8601,3758.55,2025-09-28,2026-01-15T00:00:00Z
POS0236,PORT019,INST058,4270,2058.40,2025-06-09,2026-01-15T00:00:00Z
POS0237,PORT020,INST046,3574,957.29,2024-04-09,2026-01-15T00:00:00Z
POS0238,PORT020,INST069,7307,2997.82,2025-05-13,2026-01-15T00:00:00Z
POS0239,PORT017,INST004,3305,3002.18,2024-07-20,2026-01-15T00:00:00Z
POS0240,PORT004,INST060,9517,3589.81,2025-06-27,2026-01-15T00:00:00Z
POS0241,PORT013,INST096,4833,311.13,2025-06-23,2026-01-15T00:00:00Z
POS0242,PORT002,INST070,4495,352.11,2024-07-01,2026-01-15T00:00:00Z
POS0243,PORT002,INST034,4795,2138.74,2025-03-21,2026-01-15T00:00:00Z
POS0244,PORT004,INST021,4934,2913.84,2024-12-29,2026-01-15T00:00:00Z
POS0245,PORT020,INST036,3042,3153.64,2024-10-20,2026-01-15T00:00:00Z
POS0246,PORT014,INST060,2113,4725.67,2024-08-25,2026-01-15T00:00:00Z
POS0247,PORT018,INST097,9387,2898.50,2024-06-28,2026-01-15T00:00:00Z
POS0248,PORT002,INST045,9222,1819.90,2025-01-29,2026-01-15T00:00:00Z
POS0249,PORT019,INST014,2389,4124.29,2024-12-10,2026-01-15T00:00:00Z
POS0250,PORT001,INST005,2143,2188.70,2025-01-11,2026-01-15T00:00:00Z
POS0251,PORT011,INST092,8485,1950.13,2025-01-15,2026-01-15T00:00:00Z
POS0252,PORT015,INST075,4253,4921.07,2024-08-20,2026-01-15T00:00:00Z
POS0253,PORT013,INST007,6910,4250.53,2024-12-27,2026-01-15T00:00:00Z
POS0254,PORT003,INST025,5390,4422.27,2025-10-22,2026-01-15T00:00:00Z
POS0255,PORT010,INST005,51,1316.54,2025-07-06,2026-01-15T00:00:00Z
POS0256,PORT011,INST095,8442,1022.57,2024-03-03,2026-01-15T00:00:00Z
POS0257,PORT016,INST100,1645,1768.57,2024-05-30,2026-01-15T00:00:00Z
POS0258,PORT008,INST004,4677,2770.66,2024-01-30,2026-01-15T00:00:00Z
POS0259,PORT014,INST041,6816,3743.59,2024-10-02,2026-01-15T00:00:00Z
POS0260,PORT019,INST060,8142,890.02,2024-06-22,2026-01-15T00:00:00Z
POS0261,PORT016,INST099,3631,2157.44,2025-10-11,2026-01-15T00:00:00Z
POS0262,PORT014,INST073,2793,4076.75,2025-11-28,2026-01-15T00:00:00Z
POS0263,PORT009,INST032,8201,3308.32,2025-03-19,2026-01-15T00:00:00Z
POS0264,PORT019,INST041,7341,1115.78,2025-11-30,2026-01-15T00:00:00Z
POS0265,PORT002,INST039,5329,2815.69,2025-02-08,2026-01-15T00:00:00Z
POS0266,PORT008,INST069,5369,3343.59,2024-11-16,2026-01-15T00:00:00Z
POS0267,PORT003,INST024,1904,1603.77,2025-06-22,2026-01-15T00:00:00Z
POS0268,PORT012,INST080,8386,993.00,2025-04-30,2026-01-15T00:00:00Z
POS0269,PORT010,INST098,7327,1493.44,2024-04-30,2026-01-15T00:00:00Z
POS0270,PORT005,INST009,8601,2258.67,2025-03-22,2026-01-15T00:00:00Z
POS0271,PORT012,INST047,9757,2004.01,2024-10-29,2026-01-15T00:00:00Z
POS0272,PORT010,INST071,6532,1496.64,2024-01-07,2026-01-15T00:00:00Z
POS0273,PORT011,INST094,58,4398.10,2024-05-06,2026-01-15T00:00:00Z
POS0274,PORT009,INST091,5435,1014.36,2025-10-26,2026-01-15T00:00:00Z
POS0275,PORT017,INST084,9867,430.47,2025-07-06,2026-01-15T00:00:00Z
POS0276,PORT015,INST093,2243,1597.48,2024-11-17,2026-01-15T00:00:00Z
POS0277,PORT019,INST046,1741,2825.68,2025-10-22,2026-01-15T00:00:00Z
POS0278,PORT015,INST006,7085,4678.78,2025-04-22,2026-01-15T00:00:00Z
POS0279,PORT011,INST088,7932,616.70,2025-12-13,2026-01-15T00:00:00Z
POS0280,PORT008,INST046,5031,4446.42,2025-05-20,2026-01-15T00:00:00Z
POS0281,PORT006,INST068,4117,4660.99,2025-08-15,2026-01-15T00:00:00Z
POS0282,PORT006,INST097,493,1960.67,2024-06-30,2026-01-15T00:00:00Z
POS0283,PORT020,INST096,3441,1743.33,2024-07-07,2026-01-15T00:00:00Z
POS0284,PORT013,INST069,4799,4625.66,2025-03-12,2026-01-15T00:00:00Z
POS0285,PORT012,INST029,2819,785.09,2025-01-27,2026-01-15T00:00:00Z
POS0286,PORT019,INST100,8982,2188.79,2025-12-13,2026-01-15T00:00:00Z
POS0287,PORT010,INST055,596,55.30,2024-06-03,2026-01-15T00:00:00Z
POS0288,PORT007,INST069,4683,3832.52,2025-10-26,2026-01-15T00:00:00Z
POS0289,PORT008,INST007,8872,1084.68,2024-06-05,2026-01-15T00:00:00Z
POS0290,PORT004,INST049,6036,3682.87,2024-01-16,2026-01-15T00:00:00Z
POS0291,PORT016,INST062,1299,3997.71,2025-06-25,2026-01-15T00:00:00Z
POS0292,PORT007,INST016,349,1190.43,2024-07-12,2026-01-15T00:00:00Z
POS0293,PORT004,INST032,8256,1516.35,2024-03-25,2026-01-15T00:00:00Z
POS0294,PORT019,INST095,6536,2772.77,2025-03-04,2026-01-15T00:00:00Z
POS0295,PORT006,INST028,935,2417.11,2024-12-03,2026-01-15T00:00:00Z
POS0296,PORT004,INST010,9834,4361.06,2025-05-30,2026-01-15T00:00:00Z
POS0297,PORT013,INST052,9722,4526.42,2024-07-26,2026-01-15T00:00:00Z
POS0298,PORT010,INST052,8584,120.14,2025-01-27,2026-01-15T00:00:00Z
POS0299,PORT008,INST021,7508,4068.11,2025-07-05,2026-01-15T00:00:00Z
POS0300,PORT010,INST054,4025,791.53,2024-01-20,2026-01-15T00:00:00Z
POS0301,PORT019,INST055,6915,1098.17,2025-05-03,2026-01-15T00:00:00Z
POS0302,PORT011,INST081,1625,3620.95,2024-10-04,2026-01-15T00:00:00Z
POS0303,PORT014,INST003,4123,4110.19,2025-09-04,2026-01-15T00:00:00Z
POS0304,PORT003,INST028,5331,929.00,2025-10-15,2026-01-15T00:00:00Z
POS0305,PORT013,INST096,8277,3437.72,2025-11-21,2026-01-15T00:00:00Z
POS0306,PORT012,INST032,1366,224.87,2024-10-23,2026-01-15T00:00:00Z
POS0307,PORT014,INST099,8156,1421.46,2025-11-14,2026-01-15T00:00:00Z
POS0308,PORT001,INST069,629,538.30,2024-02-28,2026-01-15T00:00:00Z
POS0309,PORT001,INST016,9336,65.92,2024-02-22,2026-01-15T00:00:00Z
POS0310,PORT008,INST085,3312,884.56,2025-05-28,2026-01-15T00:00:00Z
POS0311,PORT007,INST052,5828,3589.13,2025-08-07,2026-01-15T00:00:00Z
POS0312,PORT004,INST037,5726,3814.87,2025-12-22,2026-01-15T00:00:00Z
POS0313,PORT010,INST078,5397,1036.36,2024-07-15,2026-01-15T00:00:00Z
POS0314,PORT008,INST085,6783,4675.54,2025-06-26,2026-01-15T00:00:00Z
POS0315,PORT004,INST073,7757,422.68,2024-10-17,2026-01-15T00:00:00Z
POS0316,PORT002,INST072,9251,4174.67,2025-11-17,2026-01-15T00:00:00Z
POS0317,PORT005,INST026,963,1446.43,2024-10-17,2026-01-15T00:00:00Z
POS0318,PORT017,INST058,5635,4269.72,2024-01-07,2026-01-15T00:00:00Z
POS0319,PORT018,INST076,785,2779.59,2025-12-07,2026-01-15T00:00:00Z
POS0320,PORT002,INST032,7921,2611.59,2025-05-19,2026-01-15T00:00:00Z
POS0321,PORT002,INST100,5646,4338.39,2025-09-05,2026-01-15T00:00:00Z
POS0322,PORT016,INST033,1184,4659.29,2025-04-14,2026-01-15T00:00:00Z
POS0323,PORT003,INST073,253,4008.07,2024-05-19,2026-01-15T00:00:00Z
POS0324,PORT015,INST093,99,3703.61,2024-07-30,2026-01-15T00:00:00Z
POS0325,PORT002,INST082,4731,2124.28,2024-01-06,2026-01-15T00:00:00Z
POS0326,PORT009,INST029,7204,3387.59,2025-03-11,2026-01-15T00:00:00Z
POS0327,PORT015,INST100,2796,1448.37,2024-05-22,2026-01-15T00:00:00Z
POS0328,PORT013,INST018,2711,3267.46,2024-08-09,2026-01-15T00:00:00Z
POS0329,PORT002,INST097,368,3096.06,2025-02-18,2026-01-15T00:00:00Z
POS0330,PORT002,INST037,7421,2233.88,2024-03-16,2026-01-15T00:00:00Z
POS0331,PORT004,INST099,7521,3584.18,2025-12-15,2026-01-15T00:00:00Z
POS0332,PORT002,INST061,1313,3664.28,2025-12-15,2026-01-15T00:00:00Z
POS0333,PORT009,INST014,4191,3837.74,2024-09-05,2026-01-15T00:00:00Z
POS0334,PORT018,INST048,7982,3417.34,2024-01-10,2026-01-15T00:00:00Z
POS0335,PORT015,INST085,6417,2439.28,2024-04-27,2026-01-15T00:00:00Z
POS0336,PORT005,INST088,540,960.15,2025-07-21,2026-01-15T00:00:00Z
POS0337,PORT006,INST032,3796,4189.95,2024-02-21,2026-01-15T00:00:00Z
POS0338,PORT006,INST077,3009,863.53,2024-04-25,2026-01-15T00:00:00Z
POS0339,PORT009,INST084,6541,3524.61,2025-11-15,2026-01-15T00:00:00Z
POS0340,PORT014,INST069,1982,80.65,2025-09-20,2026-01-15T00:00:00Z
POS0341,PORT017,INST005,3339,978.10,2024-12-26,2026-01-15T00:00:00Z
POS0342,PORT001,INST031,4844,2856.47,2024-04-13,2026-01-15T00:00:00Z
POS0343,PORT017,INST088,3055,364.13,2024-09-14,2026-01-15T00:00:00Z
POS0344,PORT015,INST095,2589,4947.86,2024-02-28,2026-01-15T00:00:00Z
POS0345,PORT017,INST060,2707,950.41,2025-03-26,2026-01-15T00:00:00Z
POS0346,PORT010,INST086,791,354.86,2025-09-29,2026-01-15T00:00:00Z
POS0347,PORT006,INST040,6620,3112.02,2025-05-27,2026-01-15T00:00:00Z
POS0348,PORT017,INST062,3286,946.02,2024-05-24,2026-01-15T00:00:00Z
POS0349,PORT004,INST001,8580,628.47,2024-02-09,2026-01-15T00:00:00Z
POS0350,PORT004,INST100,5941,2499.25,2025-08-19,2026-01-15T00:00:00Z
POS0351,PORT007,INST099,5615,3608.14,2025-06-12,2026-01-15T00:00:00Z
POS0352,PORT017,INST063,4736,4225.89,2024-10-11,2026-01-15T00:00:00Z
POS0353,PORT012,INST017,9403,1332.31,2024-07-07,2026-01-15T00:00:00Z
POS0354,PORT004,INST094,9254,3531.98,2025-04-14,2026-01-15T00:00:00Z
POS0355,PORT006,INST003,353,4392.35,2025-11-24,2026-01-15T00:00:00Z
POS0356,PORT011,INST003,5239,4563.41,2025-07-28,2026-01-15T00:00:00Z
POS0357,PORT008,INST009,1113,3847.71,2024-07-06,2026-01-15T00:00:00Z
POS0358,PORT017,INST045,7745,2369.57,2025-12-14,2026-01-15T00:00:00Z
POS0359,PORT005,INST030,4158,1035.13,2025-07-07,2026-01-15T00:00:00Z
POS0360,PORT014,INST076,2572,2084.57,2024-08-06,2026-01-15T00:00:00Z
POS0361,PORT015,INST080,7400,1305.02,2025-07-27,2026-01-15T00:00:00Z
POS0362,PORT009,INST020,9562,3656.24,2025-05-17,2026-01-15T00:00:00Z
POS0363,PORT013,INST008,4165,2435.26,2025-12-15,2026-01-15T00:00:00Z
POS0364,PORT008,INST074,2845,1857.65,2025-02-18,2026-01-15T00:00:00Z
POS0365,PORT006,INST064,7583,4745.01,2024-09-23,2026-01-15T00:00:00Z
POS0366,PORT014,INST005,3375,348.21,2024-06-19,2026-01-15T00:00:00Z
POS0367,PORT014,INST046,7789,717.83,2024-12-15,2026-01-15T00:00:00Z
POS0368,PORT007,INST090,784,931.84,2024-09-06,2026-01-15T00:00:00Z
POS0369,PORT015,INST040,8365,3499.89,2025-02-05,2026-01-15T00:00:00Z
POS0370,PORT009,INST051,6675,950.68,2025-04-20,2026-01-15T00:00:00Z
POS0371,PORT019,INST049,9763,2827.31,2024-11-04,2026-01-15T00:00:00Z
POS0372,PORT018,INST036,1346,1820.04,2025-06-24,2026-01-15T00:00:00Z
POS0373,PORT019,INST010,3644,2816.16,2025-09-10,2026-01-15T00:00:00Z
POS0374,PORT004,INST094,9651,1047.90,2024-12-17,2026-01-15T00:00:00Z
POS0375,PORT020,INST059,8318,4545.10,2024-04-30,2026-01-15T00:00:00Z
POS0376,PORT009,INST069,8775,1460.23,2024-03-05,2026-01-15T00:00:00Z
POS0377,PORT008,INST059,5354,917.22,2024-09-04,2026-01-15T00:00:00Z
POS0378,PORT006,INST087,606,3049.21,2025-11-19,2026-01-15T00:00:00Z
POS0379,PORT014,INST067,5712,3413.94,2024-07-30,2026-01-15T00:00:00Z
POS0380,PORT019,INST054,4017,1259.90,2025-08-20,2026-01-15T00:00:00Z
POS0381,PORT006,INST007,2878,1875.22,2024-01-16,2026-01-15T00:00:00Z
POS0382,PORT018,INST014,5760,4880.59,2024-07-17,2026-01-15T00:00:00Z
POS0383,PORT016,INST076,5323,2819.78,2024-06-04,2026-01-15T00:00:00Z
POS0384,PORT014,INST026,7481,1296.34,2025-09-25,2026-01-15T00:00:00Z
POS0385,PORT009,INST076,495,95.26,2025-03-26,2026-01-15T00:00:00Z
POS0386,PORT016,INST013,302,4609.65,2025-02-17,2026-01-15T00:00:00Z
POS0387,PORT012,INST036,2125,1506.75,2024-11-30,2026-01-15T00:00:00Z
POS0388,PORT015,INST014,1444,2316.28,2025-05-27,2026-01-15T00:00:00Z
POS0389,PORT015,INST087,1158,1725.80,2025-07-19,2026-01-15T00:00:00Z
POS0390,PORT015,INST076,6836,4868.99,2025-04-24,2026-01-15T00:00:00Z
POS0391,PORT018,INST015,9703,896.03,2024-05-05,2026-01-15T00:00:00Z
POS0392,PORT004,INST087,1193,3439.31,2024-05-24,2026-01-15T00:00:00Z
POS0393,PORT008,INST037,2722,2703.89,2024-11-08,2026-01-15T00:00:00Z
POS0394,PORT013,INST011,8780,3631.45,2024-11-25,2026-01-15T00:00:00Z
POS0395,PORT003,INST090,373,1.48,2025-06-28,2026-01-15T00:00:00Z
POS0396,PORT019,INST066,9037,1615.94,2025-08-13,2026-01-15T00:00:00Z
POS0397,PORT009,INST078,7546,3291.97,2025-08-26,2026-01-15T00:00:00Z
POS0398,PORT016,INST090,4798,2861.41,2025-04-02,2026-01-15T00:00:00Z
POS0399,PORT018,INST041,3409,3251.64,2025-09-09,2026-01-15T00:00:00Z
POS0400,PORT002,INST073,6051,1658.43,2025-10-07,2026-01-15T00:00:00Z
POS0401,PORT014,INST009,4716,4457.76,2024-01-30,2026-01-15T00:00:00Z
POS0402,PORT010,INST066,5253,3580.83,2024-03-28,2026-01-15T00:00:00Z
POS0403,PORT018,INST027,9469,4994.69,2025-12-31,2026-01-15T00:00:00Z
POS0404,PORT001,INST077,5870,1470.96,2024-11-22,2026-01-15T00:00:00Z
POS0405,PORT010,INST045,2020,451.98,2024-09-04,2026-01-15T00:00:00Z
POS0406,PORT018,INST070,6297,672.65,2024-04-04,2026-01-15T00:00:00Z
POS0407,PORT020,INST039,5409,1865.69,2025-05-31,2026-01-15T00:00:00Z
POS0408,PORT002,INST031,837,3772.43,2025-10-21,2026-01-15T00:00:00Z
POS0409,PORT004,INST096,9748,2381.88,2025-07-31,2026-01-15T00:00:00Z
POS0410,PORT003,INST099,2660,1560.95,2024-01-25,2026-01-15T00:00:00Z
POS0411,PORT007,INST003,6755,2330.00,2025-03-21,2026-01-15T00:00:00Z
POS0412,PORT014,INST091,9732,2175.40,2024-09-12,2026-01-15T00:00:00Z
POS0413,PORT009,INST018,1848,4664.73,2024-09-26,2026-01-15T00:00:00Z
POS0414,PORT004,INST019,8637,1741.59,2025-11-25,2026-01-15T00:00:00Z
POS0415,PORT020,INST093,5177,4545.23,2025-05-14,2026-01-15T00:00:00Z
POS0416,PORT002,INST044,8347,4535.45,2024-02-28,2026-01-15T00:00:00Z
POS0417,PORT012,INST016,8111,3280.28,2025-03-11,2026-01-15T00:00:00Z
POS0418,PORT010,INST074,2386,1021.95,2024-10-21,2026-01-15T00:00:00Z
POS0419,PORT010,INST010,6052,4372.08,2024-09-20,2026-01-15T00:00:00Z
POS0420,PORT016,INST006,2728,1034.18,2025-05-06,2026-01-15T00:00:00Z
POS0421,PORT020,INST037,4998,4181.87,2024-01-18,2026-01-15T00:00:00Z
POS0422,PORT004,INST089,1843,4578.96,2024-09-01,2026-01-15T00:00:00Z
POS0423,PORT005,INST078,2476,2214.84,2024-07-23,2026-01-15T00:00:00Z
POS0424,PORT009,INST059,7815,2878.66,2024-02-25,2026-01-15T00:00:00Z
POS0425,PORT001,INST033,8179,2041.02,2025-03-13,2026-01-15T00:00:00Z
POS0426,PORT001,INST042,1745,2105.36,2025-04-10,2026-01-15T00:00:00Z
POS0427,PORT020,INST052,8178,2288.71,2025-10-05,2026-01-15T00:00:00Z
POS0428,PORT008,INST099,6849,4088.42,2025-05-14,2026-01-15T00:00:00Z
POS0429,PORT006,INST079,790,578.18,2024-10-29,2026-01-15T00:00:00Z
POS0430,PORT017,INST091,7464,2051.29,2024-09-28,2026-01-15T00:00:00Z
POS0431,PORT012,INST066,4705,3185.04,2024-08-06,2026-01-15T00:00:00Z
POS0432,PORT002,INST040,8094,3971.60,2024-12-17,2026-01-15T00:00:00Z
POS0433,PORT005,INST046,2164,4879.79,2024-03-28,2026-01-15T00:00:00Z
POS0434,PORT013,INST035,7081,2690.02,2025-08-15,2026-01-15T00:00:00Z
POS0435,PORT018,INST099,7335,1674.99,2024-02-04,2026-01-15T00:00:00Z
POS0436,PORT013,INST022,5374,4741.55,2025-06-25,2026-01-15T00:00:00Z
POS0437,PORT012,INST086,5559,3585.05,2024-09-27,2026-01-15T00:00:00Z
POS0438,PORT003,INST004,8252,2173.72,2024-05-08,2026-01-15T00:00:00Z
POS0439,PORT019,INST033,6482,2438.19,2025-01-27,2026-01-15T00:00:00Z
POS0440,PORT016,INST028,3487,4105.54,2024-11-29,2026-01-15T00:00:00Z
POS0441,PORT016,INST034,3207,1081.56,2024-12-07,2026-01-15T00:00:00Z
POS0442,PORT002,INST066,7925,4787.53,2025-07-21,2026-01-15T00:00:00Z
POS0443,PORT020,INST078,4654,2768.31,2024-08-25,2026-01-15T00:00:00Z
POS0444,PORT004,INST041,5671,3538.30,2025-11-03,2026-01-15T00:00:00Z
POS0445,PORT020,INST086,56,4625.67,2025-06-25,2026-01-15T00:00:00Z
POS0446,PORT005,INST062,8192,35.11,2024-06-05,2026-01-15T00:00:00Z
POS0447,PORT011,INST018,9694,4769.39,2025-10-05,2026-01-15T00:00:00Z
POS0448,PORT013,INST091,1435,1141.55,2025-03-17,2026-01-15T00:00:00Z
POS0449,PORT018,INST026,5830,2762.11,2024-07-16,2026-01-15T00:00:00Z
POS0450,PORT010,INST070,3869,2116.05,2024-05-26,2026-01-15T00:00:00Z
POS0451,PORT002,INST086,6461,4072.17,2025-09-22,2026-01-15T00:00:00Z
POS0452,PORT015,INST100,2081,1928.96,2024-10-12,2026-01-15T00:00:00Z
POS0453,PORT019,INST087,7297,162.47,2024-10-15,2026-01-15T00:00:00Z
POS0454,PORT002,INST051,9186,999.02,2025-05-27,2026-01-15T00:00:00Z
POS0455,PORT002,INST049,8616,3934.58,2024-02-22,2026-01-15T00:00:00Z
POS0456,PORT014,INST085,3004,1140.52,2025-02-06,2026-01-15T00:00:00Z
POS0457,PORT011,INST029,2860,3403.65,2025-12-23,2026-01-15T00:00:00Z
POS0458,PORT003,INST019,3027,436.04,2025-07-19,2026-01-15T00:00:00Z
POS0459,PORT011,INST100,4926,2503.23,2025-08-05,2026-01-15T00:00:00Z
POS0460,PORT007,INST079,3435,535.35,2024-06-04,2026-01-15T00:00:00Z
POS0461,PORT006,INST067,7818,4332.39,2025-07-05,2026-01-15T00:00:00Z
POS0462,PORT011,INST024,76,4290.52,2025-06-09,2026-01-15T00:00:00Z
POS0463,PORT003,INST072,5740,3916.78,2025-03-15,2026-01-15T00:00:00Z
POS0464,PORT012,INST087,7810,3310.42,2024-08-11,2026-01-15T00:00:00Z
POS0465,PORT005,INST058,4005,3213.61,2025-09-26,2026-01-15T00:00:00Z
POS0466,PORT018,INST071,9112,2176.57,2024-05-26,2026-01-15T00:00:00Z
POS0467,PORT006,INST015,8079,4946.52,2025-07-01,2026-01-15T00:00:00Z
POS0468,PORT008,INST084,1878,415.71,2024-09-02,2026-01-15T00:00:00Z
POS0469,PORT009,INST037,5744,8.79,2025-01-23,2026-01-15T00:00:00Z
POS0470,PORT016,INST033,931,2676.29,2025-05-29,2026-01-15T00:00:00Z
POS0471,PORT003,INST074,8563,2131.33,2024-04-19,2026-01-15T00:00:00Z
POS0472,PORT006,INST074,4593,526.34,2025-11-17,2026-01-15T00:00:00Z
POS0473,PORT004,INST088,7677,3857.33,2024-10-30,2026-01-15T00:00:00Z
POS0474,PORT006,INST021,1895,2761.08,2025-10-05,2026-01-15T00:00:00Z
POS0475,PORT017,INST025,9085,4842.15,2025-04-27,2026-01-15T00:00:00Z
POS0476,PORT004,INST068,2147,4183.27,2025-08-25,2026-01-15T00:00:00Z
POS0477,PORT019,INST005,6401,2191.71,2025-05-23,2026-01-15T00:00:00Z
POS0478,PORT012,INST018,2794,2204.24,2024-03-08,2026-01-15T00:00:00Z
POS0479,PORT008,INST086,240,3312.94,2024-03-06,2026-01-15T00:00:00Z
POS0480,PORT013,INST013,9845,2199.25,2024-06-28,2026-01-15T00:00:00Z
POS0481,PORT019,INST067,4811,2726.68,2024-01-14,2026-01-15T00:00:00Z
POS0482,PORT015,INST098,7789,1458.67,2025-06-07,2026-01-15T00:00:00Z
POS0483,PORT006,INST022,5422,4230.12,2024-11-16,2026-01-15T00:00:00Z
POS0484,PORT003,INST010,1532,1803.71,2024-05-31,2026-01-15T00:00:00Z
POS0485,PORT007,INST075,3768,713.35,2025-04-01,2026-01-15T00:00:00Z
POS0486,PORT015,INST047,2702,303.09,2025-07-23,2026-01-15T00:00:00Z
POS0487,PORT006,INST098,909,3736.90,2025-07-01,2026-01-15T00:00:00Z
POS0488,PORT009,INST088,5986,2009.52,2024-07-23,2026-01-15T00:00:00Z
POS0489,PORT006,INST038,1229,3875.40,2025-06-26,2026-01-15T00:00:00Z
POS0490,PORT013,INST050,9549,700.64,2024-08-13,2026-01-15T00:00:00Z
POS0491,PORT010,INST001,6566,206.09,2025-12-06,2026-01-15T00:00:00Z
POS0492,PORT015,INST035,6371,2782.17,2024-04-28,2026-01-15T00:00:00Z
POS0493,PORT009,INST056,128,3652.25,2024-03-14,2026-01-15T00:00:00Z
POS0494,PORT013,INST093,8294,1118.44,2025-04-29,2026-01-15T00:00:00Z
POS0495,PORT007,INST073,3806,339.00,2024-09-08,2026-01-15T00:00:00Z
POS0496,PORT010,INST089,2595,886.97,2025-06-05,2026-01-15T00:00:00Z
POS0497,PORT007,INST088,5273,3651.22,2025-12-24,2026-01-15T00:00:00Z
POS0498,PORT001,INST083,5018,4987.13,2025-02-28,2026-01-15T00:00:00Z
POS0499,PORT006,INST020,6572,2235.15,2024-02-14,2026-01-15T00:00:00Z
POS0500,PORT001,INST082,4173,1967.77,2025-03-06,2026-01-15T00:00:00Z
