reading_id,sensor_id,timestamp,value,unit,_loaded_at
R0001,S097,2025-11-05T15:15:29,62.44,celsius,2026-01-15T00:00:00Z
R0002,S118,2025-12-06T20:27:52,13.45,bar,2026-01-15T00:00:00Z
R0003,S037,2025-11-23T08:47:08,44.54,percent,2026-01-15T00:00:00Z
R0004,S097,2025-11-06T21:16:02,18.55,celsius,2026-01-15T00:00:00Z
R0005,S098,2025-12-05T21:24:24,33.15,celsius,2026-01-15T00:00:00Z
R0006,S184,2025-11-13T21:15:42,14.33,bar,2026-01-15T00:00:00Z
R0007,S071,2025-11-23T18:27:59,77.75,mm_s,2026-01-15T00:00:00Z
R0008,S012,2025-11-02T01:55:18,27.34,mm_s,2026-01-15T00:00:00Z
R0009,S030,2025-11-02T01:03:11,41.55,celsius,2026-01-15T00:00:00Z
R0010,S150,2025-11-21T12:10:54,85.82,mm_s,2026-01-15T00:00:00Z
R0011,S081,2025-12-24T07:33:39,58.33,mm_s,2026-01-15T00:00:00Z
R0012,S129,2025-11-02T19:55:07,55.08,celsius,2026-01-15T00:00:00Z
R0013,S182,2025-12-19T19:43:37,28.61,percent,2026-01-15T00:00:00Z
R0014,S098,2025-12-17T09:11:47,39.2,celsius,2026-01-15T00:00:00Z
R0015,S019,2025-11-29T22:00:58,80.17,celsius,2026-01-15T00:00:00Z
R0016,S058,2025-12-05T04:18:54,44.0,celsius,2026-01-15T00:00:00Z
R0017,S112,2025-11-12T06:29:15,303.7,l_min,2026-01-15T00:00:00Z
R0018,S185,2025-12-14T07:40:51,0.65,bar,2026-01-15T00:00:00Z
R0019,S034,2025-12-18T17:40:17,43.87,mm_s,2026-01-15T00:00:00Z
R0020,S129,2025-12-05T03:45:43,75.14,celsius,2026-01-15T00:00:00Z
R0021,S099,2025-12-12T21:04:20,320.61,l_min,2026-01-15T00:00:00Z
R0022,S076,2025-11-04T06:42:10,51.02,mm_s,2026-01-15T00:00:00Z
R0023,S168,2025-11-02T22:50:10,66.04,percent,2026-01-15T00:00:00Z
R0024,S108,2025-12-26T22:03:51,84.35,percent,2026-01-15T00:00:00Z
R0025,S152,2025-11-06T10:54:03,50.61,l_min,2026-01-15T00:00:00Z
R0026,S045,2025-11-30T06:15:51,59.3,percent,2026-01-15T00:00:00Z
R0027,S089,2025-12-31T23:27:26,277.64,l_min,2026-01-15T00:00:00Z
R0028,S055,2025-11-08T16:19:38,7.87,bar,2026-01-15T00:00:00Z
R0029,S196,2025-12-04T20:14:03,5.1,bar,2026-01-15T00:00:00Z
R0030,S021,2025-12-28T17:02:10,81.0,mm_s,2026-01-15T00:00:00Z
R0031,S182,2025-11-04T00:35:03,90.91,percent,2026-01-15T00:00:00Z
R0032,S125,2025-12-04T16:43:41,39.4,mm_s,2026-01-15T00:00:00Z
R0033,S135,2025-11-17T12:29:03,76.05,celsius,2026-01-15T00:00:00Z
R0034,S175,2025-12-01T21:55:54,83.85,mm_s,2026-01-15T00:00:00Z
R0035,S013,2025-11-02T06:27:28,27.64,percent,2026-01-15T00:00:00Z
R0036,S181,2025-12-06T14:36:58,64.75,percent,2026-01-15T00:00:00Z
R0037,S022,2025-11-09T15:28:10,13.99,bar,2026-01-15T00:00:00Z
R0038,S072,2025-12-29T10:12:44,36.24,percent,2026-01-15T00:00:00Z
R0039,S133,2025-11-19T01:51:41,62.59,mm_s,2026-01-15T00:00:00Z
R0040,S179,2025-11-10T21:17:01,82.03,celsius,2026-01-15T00:00:00Z
R0041,S149,2025-12-22T21:29:39,6.69,bar,2026-01-15T00:00:00Z
R0042,S051,2025-11-29T05:48:52,5.26,mm_s,2026-01-15T00:00:00Z
R0043,S176,2025-11-27T12:06:03,60.53,percent,2026-01-15T00:00:00Z
R0044,S153,2025-12-11T23:47:56,49.98,percent,2026-01-15T00:00:00Z
R0045,S002,2025-11-02T15:56:44,57.79,mm_s,2026-01-15T00:00:00Z
R0046,S031,2025-12-13T15:22:50,2.88,bar,2026-01-15T00:00:00Z
R0047,S151,2025-11-09T02:37:40,264.58,l_min,2026-01-15T00:00:00Z
R0048,S118,2025-11-09T18:21:02,9.5,bar,2026-01-15T00:00:00Z
R0049,S029,2025-11-03T15:01:03,20.34,l_min,2026-01-15T00:00:00Z
R0050,S122,2025-11-16T14:39:57,19.29,celsius,2026-01-15T00:00:00Z
R0051,S166,2025-11-18T14:58:29,4.9,bar,2026-01-15T00:00:00Z
R0052,S141,2025-12-02T13:02:08,21.39,mm_s,2026-01-15T00:00:00Z
R0053,S107,2025-11-25T00:51:04,86.74,percent,2026-01-15T00:00:00Z
R0054,S141,2025-11-26T23:12:02,88.61,mm_s,2026-01-15T00:00:00Z
R0055,S138,2025-11-16T19:10:01,65.25,celsius,2026-01-15T00:00:00Z
R0056,S171,2025-12-23T21:17:22,38.74,percent,2026-01-15T00:00:00Z
R0057,S097,2025-11-10T05:21:37,94.72,celsius,2026-01-15T00:00:00Z
R0058,S089,2025-11-27T19:20:30,234.46,l_min,2026-01-15T00:00:00Z
R0059,S152,2025-11-23T02:30:24,199.99,l_min,2026-01-15T00:00:00Z
R0060,S162,2025-12-10T00:32:13,70.98,celsius,2026-01-15T00:00:00Z
R0061,S072,2025-11-29T22:26:52,27.65,percent,2026-01-15T00:00:00Z
R0062,S033,2025-12-17T12:57:13,47.9,percent,2026-01-15T00:00:00Z
R0063,S029,2025-12-15T07:55:23,151.0,l_min,2026-01-15T00:00:00Z
R0064,S089,2025-11-04T08:02:05,227.72,l_min,2026-01-15T00:00:00Z
R0065,S151,2025-11-04T01:50:53,281.02,l_min,2026-01-15T00:00:00Z
R0066,S116,2025-12-06T15:52:49,17.73,celsius,2026-01-15T00:00:00Z
R0067,S140,2025-12-04T02:11:29,3.23,bar,2026-01-15T00:00:00Z
R0068,S109,2025-11-16T05:29:22,261.24,l_min,2026-01-15T00:00:00Z
R0069,S146,2025-12-22T22:07:09,1.07,bar,2026-01-15T00:00:00Z
R0070,S089,2025-11-29T07:45:25,484.35,l_min,2026-01-15T00:00:00Z
R0071,S008,2025-11-20T05:28:51,61.75,celsius,2026-01-15T00:00:00Z
R0072,S006,2025-12-26T19:15:29,88.09,celsius,2026-01-15T00:00:00Z
R0073,S110,2025-12-03T13:39:47,7.65,bar,2026-01-15T00:00:00Z
R0074,S169,2025-11-02T11:48:18,50.31,percent,2026-01-15T00:00:00Z
R0075,S055,2025-11-01T05:06:06,12.66,bar,2026-01-15T00:00:00Z
R0076,S156,2025-11-03T00:37:58,6.13,mm_s,2026-01-15T00:00:00Z
R0077,S180,2025-12-25T04:23:34,85.04,celsius,2026-01-15T00:00:00Z
R0078,S114,2025-11-01T01:12:43,242.58,l_min,2026-01-15T00:00:00Z
R0079,S050,2025-11-03T05:08:05,42.05,percent,2026-01-15T00:00:00Z
R0080,S019,2025-11-25T16:17:08,40.3,celsius,2026-01-15T00:00:00Z
R0081,S021,2025-11-20T18:52:54,3.72,mm_s,2026-01-15T00:00:00Z
R0082,S071,2025-12-21T10:18:09,6.08,mm_s,2026-01-15T00:00:00Z
R0083,S171,2025-11-08T21:47:21,43.18,percent,2026-01-15T00:00:00Z
R0084,S111,2025-11-30T03:15:54,5.16,bar,2026-01-15T00:00:00Z
R0085,S109,2025-11-15T09:13:24,343.27,l_min,2026-01-15T00:00:00Z
R0086,S114,2025-12-27T04:35:01,126.05,l_min,2026-01-15T00:00:00Z
R0087,S118,2025-11-09T17:02:16,12.74,bar,2026-01-15T00:00:00Z
R0088,S156,2025-12-26T07:17:39,26.76,mm_s,2026-01-15T00:00:00Z
R0089,S085,2025-11-27T04:20:26,90.22,mm_s,2026-01-15T00:00:00Z
R0090,S080,2025-11-04T06:29:24,49.37,celsius,2026-01-15T00:00:00Z
R0091,S061,2025-12-25T13:00:41,69.95,celsius,2026-01-15T00:00:00Z
R0092,S038,2025-11-16T20:36:15,13.33,bar,2026-01-15T00:00:00Z
R0093,S126,2025-12-20T18:35:56,45.24,percent,2026-01-15T00:00:00Z
R0094,S106,2025-11-05T20:32:58,2.12,bar,2026-01-15T00:00:00Z
R0095,S078,2025-12-18T16:26:32,400.97,l_min,2026-01-15T00:00:00Z
R0096,S068,2025-11-13T03:12:11,11.21,bar,2026-01-15T00:00:00Z
R0097,S115,2025-12-11T04:26:36,0.77,bar,2026-01-15T00:00:00Z
R0098,S188,2025-12-07T06:41:59,67.83,celsius,2026-01-15T00:00:00Z
R0099,S095,2025-12-13T16:39:50,209.53,l_min,2026-01-15T00:00:00Z
R0100,S035,2025-12-04T15:28:23,12.21,bar,2026-01-15T00:00:00Z
R0101,S063,2025-11-21T22:29:41,50.16,celsius,2026-01-15T00:00:00Z
R0102,S154,2025-12-07T22:37:31,8.63,bar,2026-01-15T00:00:00Z
R0103,S135,2025-12-21T15:28:21,56.53,celsius,2026-01-15T00:00:00Z
R0104,S105,2025-12-30T15:40:16,40.51,percent,2026-01-15T00:00:00Z
R0105,S084,2025-11-08T11:27:01,4.29,bar,2026-01-15T00:00:00Z
R0106,S175,2025-12-22T23:42:03,47.95,mm_s,2026-01-15T00:00:00Z
R0107,S001,2025-11-03T11:19:41,97.11,percent,2026-01-15T00:00:00Z
R0108,S085,2025-11-11T21:49:56,23.07,mm_s,2026-01-15T00:00:00Z
R0109,S139,2025-12-13T22:29:09,49.89,l_min,2026-01-15T00:00:00Z
R0110,S071,2025-12-19T02:16:52,25.53,mm_s,2026-01-15T00:00:00Z
R0111,S032,2025-11-25T06:13:55,74.15,celsius,2026-01-15T00:00:00Z
R0112,S118,2025-12-06T08:00:52,14.26,bar,2026-01-15T00:00:00Z
R0113,S081,2025-12-15T11:51:05,74.65,mm_s,2026-01-15T00:00:00Z
R0114,S014,2025-11-08T19:47:41,242.77,l_min,2026-01-15T00:00:00Z
R0115,S149,2025-12-31T16:24:47,10.66,bar,2026-01-15T00:00:00Z
R0116,S105,2025-11-30T18:46:17,89.43,percent,2026-01-15T00:00:00Z
R0117,S059,2025-11-28T20:05:30,15.61,celsius,2026-01-15T00:00:00Z
R0118,S018,2025-11-07T20:32:45,8.81,mm_s,2026-01-15T00:00:00Z
R0119,S037,2025-12-22T16:04:51,20.46,percent,2026-01-15T00:00:00Z
R0120,S119,2025-12-08T22:08:56,24.47,l_min,2026-01-15T00:00:00Z
R0121,S155,2025-11-09T19:16:11,247.65,l_min,2026-01-15T00:00:00Z
R0122,S178,2025-11-26T17:18:55,451.55,l_min,2026-01-15T00:00:00Z
R0123,S038,2025-11-27T06:31:57,2.54,bar,2026-01-15T00:00:00Z
R0124,S073,2025-12-06T05:13:37,379.65,l_min,2026-01-15T00:00:00Z
R0125,S069,2025-12-03T04:24:08,67.96,mm_s,2026-01-15T00:00:00Z
R0126,S164,2025-12-22T09:49:12,20.04,mm_s,2026-01-15T00:00:00Z
R0127,S175,2025-12-25T12:57:52,19.9,mm_s,2026-01-15T00:00:00Z
R0128,S168,2025-11-18T01:05:34,72.63,percent,2026-01-15T00:00:00Z
R0129,S191,2025-12-10T15:33:13,165.44,l_min,2026-01-15T00:00:00Z
R0130,S014,2025-11-04T02:37:47,325.46,l_min,2026-01-15T00:00:00Z
R0131,S006,2025-11-11T00:52:59,87.58,celsius,2026-01-15T00:00:00Z
R0132,S084,2025-11-20T07:30:27,14.32,bar,2026-01-15T00:00:00Z
R0133,S021,2025-11-24T02:40:24,90.66,mm_s,2026-01-15T00:00:00Z
R0134,S180,2025-11-20T07:48:49,53.61,celsius,2026-01-15T00:00:00Z
R0135,S080,2025-12-30T08:46:00,77.19,celsius,2026-01-15T00:00:00Z
R0136,S040,2025-12-16T16:45:45,465.39,l_min,2026-01-15T00:00:00Z
R0137,S119,2025-12-31T06:19:42,347.18,l_min,2026-01-15T00:00:00Z
R0138,S082,2025-12-04T01:50:44,47.61,mm_s,2026-01-15T00:00:00Z
R0139,S192,2025-12-20T02:03:27,20.66,l_min,2026-01-15T00:00:00Z
R0140,S117,2025-12-18T21:42:41,13.72,bar,2026-01-15T00:00:00Z
R0141,S180,2025-12-23T19:48:08,56.21,celsius,2026-01-15T00:00:00Z
R0142,S108,2025-12-11T06:01:25,62.01,percent,2026-01-15T00:00:00Z
R0143,S082,2025-12-04T23:59:33,34.72,mm_s,2026-01-15T00:00:00Z
R0144,S002,2025-11-11T01:10:59,44.53,mm_s,2026-01-15T00:00:00Z
R0145,S118,2025-11-05T03:51:38,10.66,bar,2026-01-15T00:00:00Z
R0146,S097,2025-11-06T16:50:19,43.52,celsius,2026-01-15T00:00:00Z
R0147,S071,2025-11-02T02:35:52,41.15,mm_s,2026-01-15T00:00:00Z
R0148,S186,2025-12-06T03:03:27,77.38,percent,2026-01-15T00:00:00Z
R0149,S169,2025-11-18T13:55:42,34.39,percent,2026-01-15T00:00:00Z
R0150,S063,2025-11-28T11:36:32,73.88,celsius,2026-01-15T00:00:00Z
R0151,S066,2025-12-14T15:44:07,50.68,percent,2026-01-15T00:00:00Z
R0152,S163,2025-11-17T01:37:29,11.41,bar,2026-01-15T00:00:00Z
R0153,S100,2025-12-28T12:13:04,38.92,mm_s,2026-01-15T00:00:00Z
R0154,S100,2025-11-05T16:11:05,24.48,mm_s,2026-01-15T00:00:00Z
R0155,S032,2025-11-17T22:04:23,74.62,celsius,2026-01-15T00:00:00Z
R0156,S128,2025-11-20T20:54:42,405.35,l_min,2026-01-15T00:00:00Z
R0157,S053,2025-11-09T01:16:48,70.11,percent,2026-01-15T00:00:00Z
R0158,S087,2025-12-02T23:15:18,60.01,percent,2026-01-15T00:00:00Z
R0159,S102,2025-11-17T09:13:15,3.64,bar,2026-01-15T00:00:00Z
R0160,S196,2025-11-14T14:08:58,7.68,bar,2026-01-15T00:00:00Z
R0161,S143,2025-11-27T22:00:15,46.2,celsius,2026-01-15T00:00:00Z
R0162,S194,2025-12-23T17:26:14,67.9,percent,2026-01-15T00:00:00Z
R0163,S119,2025-11-09T05:33:50,323.02,l_min,2026-01-15T00:00:00Z
R0164,S134,2025-12-01T12:59:38,73.5,celsius,2026-01-15T00:00:00Z
R0165,S131,2025-12-27T02:48:42,36.05,mm_s,2026-01-15T00:00:00Z
R0166,S037,2025-12-06T05:04:47,25.01,percent,2026-01-15T00:00:00Z
R0167,S172,2025-12-25T17:17:21,35.81,celsius,2026-01-15T00:00:00Z
R0168,S053,2025-12-21T22:14:03,92.87,percent,2026-01-15T00:00:00Z
R0169,S137,2025-11-28T15:56:20,11.33,mm_s,2026-01-15T00:00:00Z
R0170,S152,2025-12-03T00:46:42,298.08,l_min,2026-01-15T00:00:00Z
R0171,S165,2025-12-13T09:59:18,24.16,l_min,2026-01-15T00:00:00Z
R0172,S081,2025-12-06T19:43:47,57.72,mm_s,2026-01-15T00:00:00Z
R0173,S020,2025-12-05T03:00:16,77.36,percent,2026-01-15T00:00:00Z
R0174,S048,2025-11-30T00:37:06,312.37,l_min,2026-01-15T00:00:00Z
R0175,S175,2025-11-28T17:38:55,90.57,mm_s,2026-01-15T00:00:00Z
R0176,S013,2025-11-20T20:22:34,50.21,percent,2026-01-15T00:00:00Z
R0177,S076,2025-11-04T13:38:20,85.91,mm_s,2026-01-15T00:00:00Z
R0178,S097,2025-12-27T15:23:47,30.54,celsius,2026-01-15T00:00:00Z
R0179,S191,2025-12-27T05:46:00,280.65,l_min,2026-01-15T00:00:00Z
R0180,S129,2025-12-27T02:13:20,75.3,celsius,2026-01-15T00:00:00Z
R0181,S048,2025-12-26T00:21:13,65.48,l_min,2026-01-15T00:00:00Z
R0182,S177,2025-11-06T20:32:34,81.59,celsius,2026-01-15T00:00:00Z
R0183,S015,2025-12-11T09:31:43,54.99,percent,2026-01-15T00:00:00Z
R0184,S172,2025-11-27T18:15:18,84.99,celsius,2026-01-15T00:00:00Z
R0185,S177,2025-11-02T21:16:46,45.51,celsius,2026-01-15T00:00:00Z
R0186,S058,2025-12-28T02:07:04,67.36,celsius,2026-01-15T00:00:00Z
R0187,S081,2025-12-20T14:31:46,49.65,mm_s,2026-01-15T00:00:00Z
R0188,S038,2025-12-23T16:07:12,3.17,bar,2026-01-15T00:00:00Z
R0189,S013,2025-12-31T12:43:34,93.62,percent,2026-01-15T00:00:00Z
R0190,S127,2025-11-20T11:28:53,57.52,mm_s,2026-01-15T00:00:00Z
R0191,S117,2025-11-14T11:20:37,6.69,bar,2026-01-15T00:00:00Z
R0192,S135,2025-11-26T22:23:43,68.4,celsius,2026-01-15T00:00:00Z
R0193,S162,2025-12-22T15:55:15,72.5,celsius,2026-01-15T00:00:00Z
R0194,S033,2025-11-12T03:20:54,28.73,percent,2026-01-15T00:00:00Z
R0195,S014,2025-11-05T18:09:00,281.25,l_min,2026-01-15T00:00:00Z
R0196,S098,2025-11-17T02:55:36,28.27,celsius,2026-01-15T00:00:00Z
R0197,S193,2025-11-23T14:44:41,64.46,mm_s,2026-01-15T00:00:00Z
R0198,S044,2025-12-19T16:48:15,16.49,celsius,2026-01-15T00:00:00Z
R0199,S026,2025-11-23T06:41:12,81.73,percent,2026-01-15T00:00:00Z
R0200,S047,2025-11-09T21:37:58,32.92,celsius,2026-01-15T00:00:00Z
R0201,S189,2025-12-13T17:50:43,195.38,l_min,2026-01-15T00:00:00Z
R0202,S128,2025-12-31T20:43:27,185.08,l_min,2026-01-15T00:00:00Z
R0203,S031,2025-12-24T16:32:20,9.21,bar,2026-01-15T00:00:00Z
R0204,S109,2025-11-30T06:22:57,73.56,l_min,2026-01-15T00:00:00Z
R0205,S135,2025-11-21T22:51:42,72.85,celsius,2026-01-15T00:00:00Z
R0206,S138,2025-11-25T05:54:38,66.15,celsius,2026-01-15T00:00:00Z
R0207,S152,2025-12-22T04:39:48,82.98,l_min,2026-01-15T00:00:00Z
R0208,S086,2025-12-11T13:39:37,426.6,l_min,2026-01-15T00:00:00Z
R0209,S086,2025-12-13T22:55:05,377.21,l_min,2026-01-15T00:00:00Z
R0210,S183,2025-12-28T10:42:09,54.45,mm_s,2026-01-15T00:00:00Z
R0211,S129,2025-12-29T08:44:49,16.47,celsius,2026-01-15T00:00:00Z
R0212,S042,2025-12-11T06:43:28,95.46,mm_s,2026-01-15T00:00:00Z
R0213,S159,2025-11-22T23:37:54,38.57,mm_s,2026-01-15T00:00:00Z
R0214,S126,2025-12-29T18:50:36,52.28,percent,2026-01-15T00:00:00Z
R0215,S061,2025-12-20T05:06:07,92.49,celsius,2026-01-15T00:00:00Z
R0216,S121,2025-12-01T12:58:56,20.41,celsius,2026-01-15T00:00:00Z
R0217,S105,2025-12-17T00:11:40,63.54,percent,2026-01-15T00:00:00Z
R0218,S168,2025-11-11T05:39:27,83.96,percent,2026-01-15T00:00:00Z
R0219,S150,2025-12-30T10:07:52,43.28,mm_s,2026-01-15T00:00:00Z
R0220,S152,2025-12-24T17:42:05,470.12,l_min,2026-01-15T00:00:00Z
R0221,S118,2025-11-25T14:21:06,11.71,bar,2026-01-15T00:00:00Z
R0222,S069,2025-12-16T10:06:39,98.42,mm_s,2026-01-15T00:00:00Z
R0223,S031,2025-11-25T20:12:07,6.26,bar,2026-01-15T00:00:00Z
R0224,S088,2025-12-29T23:44:45,35.28,percent,2026-01-15T00:00:00Z
R0225,S078,2025-11-07T10:16:28,304.26,l_min,2026-01-15T00:00:00Z
R0226,S025,2025-11-16T12:43:47,71.11,percent,2026-01-15T00:00:00Z
R0227,S053,2025-11-03T20:08:20,57.12,percent,2026-01-15T00:00:00Z
R0228,S099,2025-12-27T15:46:05,73.73,l_min,2026-01-15T00:00:00Z
R0229,S086,2025-11-24T18:10:11,422.35,l_min,2026-01-15T00:00:00Z
R0230,S095,2025-11-10T11:08:56,145.42,l_min,2026-01-15T00:00:00Z
R0231,S179,2025-11-26T15:38:03,45.06,celsius,2026-01-15T00:00:00Z
R0232,S077,2025-11-26T13:31:17,282.39,l_min,2026-01-15T00:00:00Z
R0233,S200,2025-12-11T15:20:32,25.7,celsius,2026-01-15T00:00:00Z
R0234,S071,2025-12-07T14:59:46,45.2,mm_s,2026-01-15T00:00:00Z
R0235,S064,2025-11-16T08:58:17,39.88,mm_s,2026-01-15T00:00:00Z
R0236,S120,2025-11-28T17:09:16,20.61,mm_s,2026-01-15T00:00:00Z
R0237,S140,2025-11-29T15:12:43,8.51,bar,2026-01-15T00:00:00Z
R0238,S180,2025-11-19T02:38:16,94.03,celsius,2026-01-15T00:00:00Z
R0239,S123,2025-12-29T00:37:42,14.11,bar,2026-01-15T00:00:00Z
R0240,S091,2025-11-12T04:03:30,69.44,celsius,2026-01-15T00:00:00Z
R0241,S102,2025-12-24T07:17:47,7.49,bar,2026-01-15T00:00:00Z
R0242,S030,2025-12-27T12:36:23,32.74,celsius,2026-01-15T00:00:00Z
R0243,S089,2025-12-11T04:37:50,424.08,l_min,2026-01-15T00:00:00Z
R0244,S121,2025-12-21T18:18:28,51.65,celsius,2026-01-15T00:00:00Z
R0245,S057,2025-11-28T02:18:33,275.02,l_min,2026-01-15T00:00:00Z
R0246,S042,2025-11-09T01:13:49,27.62,mm_s,2026-01-15T00:00:00Z
R0247,S099,2025-11-16T13:20:44,235.15,l_min,2026-01-15T00:00:00Z
R0248,S160,2025-12-02T03:08:53,55.4,celsius,2026-01-15T00:00:00Z
R0249,S092,2025-12-07T19:02:32,349.57,l_min,2026-01-15T00:00:00Z
R0250,S145,2025-12-05T09:14:27,80.13,percent,2026-01-15T00:00:00Z
R0251,S087,2025-11-28T22:44:39,47.91,percent,2026-01-15T00:00:00Z
R0252,S193,2025-12-26T06:31:08,8.43,mm_s,2026-01-15T00:00:00Z
R0253,S119,2025-11-22T00:35:10,57.18,l_min,2026-01-15T00:00:00Z
R0254,S007,2025-11-12T22:21:43,35.04,mm_s,2026-01-15T00:00:00Z
R0255,S145,2025-11-27T23:36:48,36.04,percent,2026-01-15T00:00:00Z
R0256,S109,2025-12-16T17:18:45,115.82,l_min,2026-01-15T00:00:00Z
R0257,S012,2025-11-12T12:11:14,85.75,mm_s,2026-01-15T00:00:00Z
R0258,S123,2025-12-18T21:01:13,7.2,bar,2026-01-15T00:00:00Z
R0259,S136,2025-11-11T19:48:15,76.91,celsius,2026-01-15T00:00:00Z
R0260,S023,2025-12-09T10:10:11,19.22,mm_s,2026-01-15T00:00:00Z
R0261,S076,2025-11-30T06:17:49,6.04,mm_s,2026-01-15T00:00:00Z
R0262,S047,2025-11-09T11:22:41,75.08,celsius,2026-01-15T00:00:00Z
R0263,S023,2025-12-04T00:37:10,43.07,mm_s,2026-01-15T00:00:00Z
R0264,S100,2025-11-25T12:13:46,31.79,mm_s,2026-01-15T00:00:00Z
R0265,S115,2025-12-27T03:56:07,3.49,bar,2026-01-15T00:00:00Z
R0266,S134,2025-11-12T22:30:59,16.45,celsius,2026-01-15T00:00:00Z
R0267,S008,2025-12-05T14:42:27,88.19,celsius,2026-01-15T00:00:00Z
R0268,S160,2025-12-03T00:38:34,16.96,celsius,2026-01-15T00:00:00Z
R0269,S072,2025-12-18T19:30:03,79.94,percent,2026-01-15T00:00:00Z
R0270,S159,2025-12-13T05:12:07,74.71,mm_s,2026-01-15T00:00:00Z
R0271,S043,2025-11-30T16:52:45,9.08,bar,2026-01-15T00:00:00Z
R0272,S122,2025-11-17T04:31:25,32.07,celsius,2026-01-15T00:00:00Z
R0273,S145,2025-12-22T17:22:19,65.16,percent,2026-01-15T00:00:00Z
R0274,S072,2025-11-30T02:29:41,84.74,percent,2026-01-15T00:00:00Z
R0275,S114,2025-11-01T05:14:35,343.53,l_min,2026-01-15T00:00:00Z
R0276,S094,2025-12-14T15:01:41,57.76,celsius,2026-01-15T00:00:00Z
R0277,S009,2025-11-15T22:18:35,47.2,percent,2026-01-15T00:00:00Z
R0278,S136,2025-11-06T06:47:53,57.87,celsius,2026-01-15T00:00:00Z
R0279,S099,2025-11-02T09:04:55,349.73,l_min,2026-01-15T00:00:00Z
R0280,S053,2025-12-28T12:46:34,76.76,percent,2026-01-15T00:00:00Z
R0281,S080,2025-11-27T16:02:32,72.99,celsius,2026-01-15T00:00:00Z
R0282,S019,2025-12-15T10:13:05,38.12,celsius,2026-01-15T00:00:00Z
R0283,S085,2025-11-13T10:36:26,83.21,mm_s,2026-01-15T00:00:00Z
R0284,S179,2025-12-14T19:49:21,50.83,celsius,2026-01-15T00:00:00Z
R0285,S182,2025-11-23T13:18:19,49.04,percent,2026-01-15T00:00:00Z
R0286,S198,2025-11-04T11:30:46,12.72,bar,2026-01-15T00:00:00Z
R0287,S018,2025-12-23T02:00:18,18.43,mm_s,2026-01-15T00:00:00Z
R0288,S156,2025-12-29T19:23:27,59.18,mm_s,2026-01-15T00:00:00Z
R0289,S094,2025-12-29T14:44:39,88.3,celsius,2026-01-15T00:00:00Z
R0290,S130,2025-11-05T10:08:09,83.06,percent,2026-01-15T00:00:00Z
R0291,S130,2025-11-24T17:28:11,37.33,percent,2026-01-15T00:00:00Z
R0292,S145,2025-11-08T15:51:26,65.57,percent,2026-01-15T00:00:00Z
R0293,S116,2025-11-02T18:17:55,65.24,celsius,2026-01-15T00:00:00Z
R0294,S140,2025-11-21T01:53:35,9.72,bar,2026-01-15T00:00:00Z
R0295,S037,2025-12-03T15:00:29,91.37,percent,2026-01-15T00:00:00Z
R0296,S199,2025-12-09T23:19:07,70.53,celsius,2026-01-15T00:00:00Z
R0297,S069,2025-12-05T05:45:47,76.82,mm_s,2026-01-15T00:00:00Z
R0298,S040,2025-11-18T12:28:33,166.19,l_min,2026-01-15T00:00:00Z
R0299,S065,2025-11-14T19:29:23,23.8,l_min,2026-01-15T00:00:00Z
R0300,S106,2025-11-20T11:25:53,5.29,bar,2026-01-15T00:00:00Z
R0301,S162,2025-11-03T05:12:41,86.31,celsius,2026-01-15T00:00:00Z
R0302,S180,2025-11-12T11:46:50,70.41,celsius,2026-01-15T00:00:00Z
R0303,S167,2025-11-03T12:06:21,12.99,mm_s,2026-01-15T00:00:00Z
R0304,S194,2025-11-21T23:02:45,80.43,percent,2026-01-15T00:00:00Z
R0305,S190,2025-11-19T13:45:25,5.05,bar,2026-01-15T00:00:00Z
R0306,S169,2025-11-24T02:19:15,47.71,percent,2026-01-15T00:00:00Z
R0307,S181,2025-11-15T20:57:47,31.88,percent,2026-01-15T00:00:00Z
R0308,S043,2025-12-19T17:48:41,13.42,bar,2026-01-15T00:00:00Z
R0309,S110,2025-11-23T11:22:39,6.6,bar,2026-01-15T00:00:00Z
R0310,S012,2025-11-10T16:28:54,16.41,mm_s,2026-01-15T00:00:00Z
R0311,S152,2025-12-17T09:11:05,230.68,l_min,2026-01-15T00:00:00Z
R0312,S058,2025-12-30T18:55:19,35.84,celsius,2026-01-15T00:00:00Z
R0313,S151,2025-12-24T07:07:42,199.31,l_min,2026-01-15T00:00:00Z
R0314,S107,2025-12-10T13:46:46,56.55,percent,2026-01-15T00:00:00Z
R0315,S133,2025-11-22T10:45:59,10.16,mm_s,2026-01-15T00:00:00Z
R0316,S144,2025-12-10T12:39:11,55.78,mm_s,2026-01-15T00:00:00Z
R0317,S182,2025-12-25T15:01:41,34.43,percent,2026-01-15T00:00:00Z
R0318,S082,2025-12-23T16:58:44,38.71,mm_s,2026-01-15T00:00:00Z
R0319,S187,2025-12-04T19:22:08,37.27,percent,2026-01-15T00:00:00Z
R0320,S036,2025-11-25T06:21:31,30.74,percent,2026-01-15T00:00:00Z
R0321,S063,2025-12-26T07:43:52,53.84,celsius,2026-01-15T00:00:00Z
R0322,S005,2025-11-25T02:11:07,6.58,bar,2026-01-15T00:00:00Z
R0323,S111,2025-12-21T06:38:47,12.49,bar,2026-01-15T00:00:00Z
R0324,S118,2025-12-18T20:10:20,3.33,bar,2026-01-15T00:00:00Z
R0325,S118,2025-11-12T03:06:59,11.74,bar,2026-01-15T00:00:00Z
R0326,S129,2025-11-04T11:45:56,80.1,celsius,2026-01-15T00:00:00Z
R0327,S124,2025-11-04T21:18:45,57.86,mm_s,2026-01-15T00:00:00Z
R0328,S136,2025-11-16T22:17:34,36.68,celsius,2026-01-15T00:00:00Z
R0329,S050,2025-11-27T01:16:48,30.67,percent,2026-01-15T00:00:00Z
R0330,S085,2025-11-17T14:25:38,6.03,mm_s,2026-01-15T00:00:00Z
R0331,S076,2025-12-13T02:33:13,34.87,mm_s,2026-01-15T00:00:00Z
R0332,S046,2025-11-20T21:04:07,14.72,bar,2026-01-15T00:00:00Z
R0333,S168,2025-11-21T12:50:42,73.32,percent,2026-01-15T00:00:00Z
R0334,S134,2025-12-10T12:14:43,15.43,celsius,2026-01-15T00:00:00Z
R0335,S113,2025-11-07T20:27:21,68.99,percent,2026-01-15T00:00:00Z
R0336,S081,2025-11-02T01:01:51,72.28,mm_s,2026-01-15T00:00:00Z
R0337,S130,2025-11-23T15:12:17,85.33,percent,2026-01-15T00:00:00Z
R0338,S196,2025-11-18T08:07:24,8.84,bar,2026-01-15T00:00:00Z
R0339,S107,2025-11-08T05:09:39,94.01,percent,2026-01-15T00:00:00Z
R0340,S041,2025-11-09T11:42:39,45.93,celsius,2026-01-15T00:00:00Z
R0341,S044,2025-11-23T14:31:07,54.39,celsius,2026-01-15T00:00:00Z
R0342,S098,2025-12-06T08:27:13,28.04,celsius,2026-01-15T00:00:00Z
R0343,S151,2025-11-09T22:18:12,466.92,l_min,2026-01-15T00:00:00Z
R0344,S093,2025-12-21T14:39:18,3.52,bar,2026-01-15T00:00:00Z
R0345,S046,2025-12-25T07:34:08,7.44,bar,2026-01-15T00:00:00Z
R0346,S082,2025-12-26T09:15:33,74.76,mm_s,2026-01-15T00:00:00Z
R0347,S021,2025-12-09T00:21:23,77.93,mm_s,2026-01-15T00:00:00Z
R0348,S147,2025-12-22T08:08:10,87.45,celsius,2026-01-15T00:00:00Z
R0349,S054,2025-11-26T21:27:04,78.9,percent,2026-01-15T00:00:00Z
R0350,S033,2025-12-26T15:57:17,44.06,percent,2026-01-15T00:00:00Z
R0351,S144,2025-11-29T20:14:42,61.81,mm_s,2026-01-15T00:00:00Z
R0352,S154,2025-11-23T17:30:20,13.36,bar,2026-01-15T00:00:00Z
R0353,S091,2025-11-04T14:14:20,73.09,celsius,2026-01-15T00:00:00Z
R0354,S174,2025-12-01T10:09:23,41.45,percent,2026-01-15T00:00:00Z
R0355,S168,2025-12-26T23:36:48,23.23,percent,2026-01-15T00:00:00Z
R0356,S039,2025-12-10T03:24:22,450.37,l_min,2026-01-15T00:00:00Z
R0357,S050,2025-12-20T05:20:16,40.43,percent,2026-01-15T00:00:00Z
R0358,S019,2025-12-18T10:16:35,34.3,celsius,2026-01-15T00:00:00Z
R0359,S069,2025-11-10T18:19:50,16.01,mm_s,2026-01-15T00:00:00Z
R0360,S164,2025-12-16T23:26:37,51.5,mm_s,2026-01-15T00:00:00Z
R0361,S189,2025-12-27T08:29:05,233.97,l_min,2026-01-15T00:00:00Z
R0362,S023,2025-12-03T18:58:34,94.57,mm_s,2026-01-15T00:00:00Z
R0363,S082,2025-11-06T10:27:17,89.95,mm_s,2026-01-15T00:00:00Z
R0364,S130,2025-11-01T23:18:16,93.58,percent,2026-01-15T00:00:00Z
R0365,S146,2025-11-08T14:57:07,9.19,bar,2026-01-15T00:00:00Z
R0366,S138,2025-12-30T16:37:14,31.86,celsius,2026-01-15T00:00:00Z
R0367,S183,2025-12-11T21:35:54,82.31,mm_s,2026-01-15T00:00:00Z
R0368,S156,2025-11-23T10:24:37,49.82,mm_s,2026-01-15T00:00:00Z
R0369,S026,2025-12-01T02:19:25,71.55,percent,2026-01-15T00:00:00Z
R0370,S104,2025-12-22T21:47:32,92.63,celsius,2026-01-15T00:00:00Z
R0371,S150,2025-12-09T14:49:22,3.98,mm_s,2026-01-15T00:00:00Z
R0372,S067,2025-12-21T07:27:26,99.47,mm_s,2026-01-15T00:00:00Z
R0373,S168,2025-12-15T05:29:12,22.88,percent,2026-01-15T00:00:00Z
R0374,S188,2025-12-23T05:04:43,74.3,celsius,2026-01-15T00:00:00Z
R0375,S114,2025-11-01T09:13:44,101.65,l_min,2026-01-15T00:00:00Z
R0376,S041,2025-12-13T23:27:03,57.9,celsius,2026-01-15T00:00:00Z
R0377,S012,2025-12-28T01:25:39,43.84,mm_s,2026-01-15T00:00:00Z
R0378,S046,2025-11-12T16:27:15,2.5,bar,2026-01-15T00:00:00Z
R0379,S040,2025-12-04T00:42:01,31.44,l_min,2026-01-15T00:00:00Z
R0380,S195,2025-11-16T05:46:58,11.77,bar,2026-01-15T00:00:00Z
R0381,S074,2025-11-29T04:02:01,332.05,l_min,2026-01-15T00:00:00Z
R0382,S097,2025-11-01T03:05:40,29.95,celsius,2026-01-15T00:00:00Z
R0383,S008,2025-12-25T19:56:00,70.04,celsius,2026-01-15T00:00:00Z
R0384,S041,2025-12-19T05:31:02,63.44,celsius,2026-01-15T00:00:00Z
R0385,S105,2025-11-10T13:00:19,31.36,percent,2026-01-15T00:00:00Z
R0386,S121,2025-12-21T20:16:40,81.0,celsius,2026-01-15T00:00:00Z
R0387,S104,2025-11-07T03:00:59,40.7,celsius,2026-01-15T00:00:00Z
R0388,S022,2025-11-16T18:19:54,8.71,bar,2026-01-15T00:00:00Z
R0389,S124,2025-12-04T08:56:25,32.63,mm_s,2026-01-15T00:00:00Z
R0390,S146,2025-12-26T09:55:13,6.73,bar,2026-01-15T00:00:00Z
R0391,S075,2025-11-08T15:46:40,293.16,l_min,2026-01-15T00:00:00Z
R0392,S142,2025-11-14T21:25:23,423.18,l_min,2026-01-15T00:00:00Z
R0393,S184,2025-12-20T04:13:16,5.37,bar,2026-01-15T00:00:00Z
R0394,S174,2025-12-01T10:52:03,49.46,percent,2026-01-15T00:00:00Z
R0395,S070,2025-11-29T23:53:39,10.85,bar,2026-01-15T00:00:00Z
R0396,S016,2025-11-30T13:02:54,39.31,l_min,2026-01-15T00:00:00Z
R0397,S073,2025-12-14T15:18:26,285.2,l_min,2026-01-15T00:00:00Z
R0398,S022,2025-11-03T03:40:21,1.2,bar,2026-01-15T00:00:00Z
R0399,S004,2025-11-11T10:20:49,97.41,l_min,2026-01-15T00:00:00Z
R0400,S146,2025-11-12T10:48:22,9.22,bar,2026-01-15T00:00:00Z
R0401,S150,2025-11-06T18:26:36,60.99,mm_s,2026-01-15T00:00:00Z
R0402,S021,2025-11-16T00:56:10,75.82,mm_s,2026-01-15T00:00:00Z
R0403,S177,2025-12-27T17:30:25,68.4,celsius,2026-01-15T00:00:00Z
R0404,S088,2025-11-04T11:48:22,86.64,percent,2026-01-15T00:00:00Z
R0405,S053,2025-12-17T17:10:40,87.23,percent,2026-01-15T00:00:00Z
R0406,S122,2025-12-24T04:43:31,19.26,celsius,2026-01-15T00:00:00Z
R0407,S066,2025-12-26T12:12:38,95.73,percent,2026-01-15T00:00:00Z
R0408,S078,2025-11-04T18:54:08,161.35,l_min,2026-01-15T00:00:00Z
R0409,S153,2025-12-05T19:39:35,48.41,percent,2026-01-15T00:00:00Z
R0410,S087,2025-11-15T09:22:32,87.51,percent,2026-01-15T00:00:00Z
R0411,S045,2025-12-06T17:57:15,60.93,percent,2026-01-15T00:00:00Z
R0412,S069,2025-12-17T12:57:05,77.01,mm_s,2026-01-15T00:00:00Z
R0413,S123,2025-12-22T22:08:26,9.79,bar,2026-01-15T00:00:00Z
R0414,S142,2025-11-19T09:49:03,457.7,l_min,2026-01-15T00:00:00Z
R0415,S014,2025-11-27T00:09:43,251.82,l_min,2026-01-15T00:00:00Z
R0416,S154,2025-12-17T18:31:38,3.91,bar,2026-01-15T00:00:00Z
R0417,S111,2025-11-12T17:37:12,0.98,bar,2026-01-15T00:00:00Z
R0418,S104,2025-12-12T12:07:31,76.3,celsius,2026-01-15T00:00:00Z
R0419,S183,2025-12-09T16:06:11,36.61,mm_s,2026-01-15T00:00:00Z
R0420,S121,2025-12-26T20:14:17,76.28,celsius,2026-01-15T00:00:00Z
R0421,S087,2025-12-13T10:46:49,66.26,percent,2026-01-15T00:00:00Z
R0422,S166,2025-11-27T04:02:39,2.67,bar,2026-01-15T00:00:00Z
R0423,S121,2025-12-31T23:59:10,16.45,celsius,2026-01-15T00:00:00Z
R0424,S196,2025-12-15T19:02:07,12.12,bar,2026-01-15T00:00:00Z
R0425,S137,2025-11-11T20:59:10,63.92,mm_s,2026-01-15T00:00:00Z
R0426,S199,2025-12-11T18:26:34,41.21,celsius,2026-01-15T00:00:00Z
R0427,S151,2025-11-21T07:33:35,214.66,l_min,2026-01-15T00:00:00Z
R0428,S032,2025-11-28T14:29:51,88.99,celsius,2026-01-15T00:00:00Z
R0429,S157,2025-11-28T17:30:21,42.75,mm_s,2026-01-15T00:00:00Z
R0430,S097,2025-11-04T00:41:18,40.5,celsius,2026-01-15T00:00:00Z
R0431,S176,2025-12-06T10:52:38,76.12,percent,2026-01-15T00:00:00Z
R0432,S064,2025-11-25T11:40:13,70.76,mm_s,2026-01-15T00:00:00Z
R0433,S116,2025-11-30T01:14:05,82.62,celsius,2026-01-15T00:00:00Z
R0434,S079,2025-11-25T09:57:42,58.76,percent,2026-01-15T00:00:00Z
R0435,S200,2025-11-29T14:23:23,73.74,celsius,2026-01-15T00:00:00Z
R0436,S084,2025-12-10T03:29:58,12.73,bar,2026-01-15T00:00:00Z
R0437,S021,2025-11-17T12:03:05,58.69,mm_s,2026-01-15T00:00:00Z
R0438,S014,2025-12-29T11:02:18,497.71,l_min,2026-01-15T00:00:00Z
R0439,S193,2025-12-03T07:11:26,93.11,mm_s,2026-01-15T00:00:00Z
R0440,S105,2025-11-06T07:27:32,77.84,percent,2026-01-15T00:00:00Z
R0441,S076,2025-11-12T13:28:56,11.09,mm_s,2026-01-15T00:00:00Z
R0442,S086,2025-12-21T19:13:39,145.24,l_min,2026-01-15T00:00:00Z
R0443,S017,2025-11-23T13:34:13,34.45,mm_s,2026-01-15T00:00:00Z
R0444,S134,2025-11-11T13:39:07,64.59,celsius,2026-01-15T00:00:00Z
R0445,S095,2025-11-13T19:46:51,261.04,l_min,2026-01-15T00:00:00Z
R0446,S100,2025-12-01T09:03:04,92.33,mm_s,2026-01-15T00:00:00Z
R0447,S015,2025-12-14T08:29:29,42.69,percent,2026-01-15T00:00:00Z
R0448,S060,2025-11-09T18:12:24,59.63,percent,2026-01-15T00:00:00Z
R0449,S081,2025-12-07T22:25:50,13.11,mm_s,2026-01-15T00:00:00Z
R0450,S025,2025-12-18T12:49:03,30.5,percent,2026-01-15T00:00:00Z
R0451,S034,2025-12-27T23:55:33,68.22,mm_s,2026-01-15T00:00:00Z
R0452,S041,2025-11-08T21:36:33,28.89,celsius,2026-01-15T00:00:00Z
R0453,S183,2025-12-05T00:52:52,35.02,mm_s,2026-01-15T00:00:00Z
R0454,S032,2025-12-20T15:10:00,33.74,celsius,2026-01-15T00:00:00Z
R0455,S032,2025-11-15T18:46:32,35.59,celsius,2026-01-15T00:00:00Z
R0456,S168,2025-12-28T09:23:17,67.12,percent,2026-01-15T00:00:00Z
R0457,S138,2025-12-14T11:25:41,56.2,celsius,2026-01-15T00:00:00Z
R0458,S019,2025-12-02T14:10:00,88.81,celsius,2026-01-15T00:00:00Z
R0459,S068,2025-11-25T21:52:50,8.12,bar,2026-01-15T00:00:00Z
R0460,S104,2025-12-10T12:18:21,66.66,celsius,2026-01-15T00:00:00Z
R0461,S050,2025-12-01T04:50:31,42.05,percent,2026-01-15T00:00:00Z
R0462,S193,2025-12-07T11:09:08,79.83,mm_s,2026-01-15T00:00:00Z
R0463,S021,2025-12-13T09:02:01,11.34,mm_s,2026-01-15T00:00:00Z
R0464,S187,2025-11-11T16:45:59,40.1,percent,2026-01-15T00:00:00Z
R0465,S180,2025-12-17T02:43:31,22.61,celsius,2026-01-15T00:00:00Z
R0466,S131,2025-12-04T16:33:19,53.56,mm_s,2026-01-15T00:00:00Z
R0467,S098,2025-12-23T17:41:23,53.73,celsius,2026-01-15T00:00:00Z
R0468,S013,2025-12-06T05:38:31,59.26,percent,2026-01-15T00:00:00Z
R0469,S012,2025-12-08T19:56:50,84.8,mm_s,2026-01-15T00:00:00Z
R0470,S162,2025-11-11T04:18:15,55.33,celsius,2026-01-15T00:00:00Z
R0471,S011,2025-11-16T23:59:13,14.32,bar,2026-01-15T00:00:00Z
R0472,S074,2025-11-21T04:16:43,391.54,l_min,2026-01-15T00:00:00Z
R0473,S083,2025-11-04T09:01:57,38.86,mm_s,2026-01-15T00:00:00Z
R0474,S143,2025-12-07T17:51:19,87.12,celsius,2026-01-15T00:00:00Z
R0475,S133,2025-12-02T12:28:31,26.57,mm_s,2026-01-15T00:00:00Z
R0476,S154,2025-11-13T08:56:35,14.04,bar,2026-01-15T00:00:00Z
R0477,S043,2025-12-15T15:18:46,2.67,bar,2026-01-15T00:00:00Z
R0478,S097,2025-12-16T04:53:20,67.52,celsius,2026-01-15T00:00:00Z
R0479,S093,2025-12-03T18:54:59,12.78,bar,2026-01-15T00:00:00Z
R0480,S034,2025-12-31T17:48:05,13.59,mm_s,2026-01-15T00:00:00Z
R0481,S168,2025-11-01T06:52:30,96.86,percent,2026-01-15T00:00:00Z
R0482,S022,2025-12-11T11:28:59,5.0,bar,2026-01-15T00:00:00Z
R0483,S043,2025-12-04T05:15:54,6.97,bar,2026-01-15T00:00:00Z
R0484,S051,2025-12-11T18:21:20,71.63,mm_s,2026-01-15T00:00:00Z
R0485,S033,2025-11-10T05:06:05,71.61,percent,2026-01-15T00:00:00Z
R0486,S166,2025-12-29T22:23:29,3.91,bar,2026-01-15T00:00:00Z
R0487,S066,2025-11-17T21:50:41,98.84,percent,2026-01-15T00:00:00Z
R0488,S139,2025-11-13T17:42:07,183.15,l_min,2026-01-15T00:00:00Z
R0489,S153,2025-12-24T00:48:40,39.27,percent,2026-01-15T00:00:00Z
R0490,S188,2025-12-05T16:18:58,60.28,celsius,2026-01-15T00:00:00Z
R0491,S065,2025-12-11T01:21:17,178.61,l_min,2026-01-15T00:00:00Z
R0492,S170,2025-11-06T19:15:53,482.58,l_min,2026-01-15T00:00:00Z
R0493,S043,2025-11-21T19:12:10,10.59,bar,2026-01-15T00:00:00Z
R0494,S185,2025-11-20T22:11:13,7.49,bar,2026-01-15T00:00:00Z
R0495,S117,2025-12-30T00:55:57,14.02,bar,2026-01-15T00:00:00Z
R0496,S187,2025-12-11T21:50:47,20.44,percent,2026-01-15T00:00:00Z
R0497,S130,2025-12-04T06:37:31,47.07,percent,2026-01-15T00:00:00Z
R0498,S122,2025-11-05T04:00:12,53.06,celsius,2026-01-15T00:00:00Z
R0499,S110,2025-12-14T12:18:43,7.02,bar,2026-01-15T00:00:00Z
R0500,S118,2025-11-15T22:16:31,7.83,bar,2026-01-15T00:00:00Z
R0501,S147,2025-11-01T05:18:16,72.07,celsius,2026-01-15T00:00:00Z
R0502,S025,2025-12-08T08:12:15,24.09,percent,2026-01-15T00:00:00Z
R0503,S062,2025-12-19T14:14:51,77.2,percent,2026-01-15T00:00:00Z
R0504,S175,2025-12-04T09:12:25,16.62,mm_s,2026-01-15T00:00:00Z
R0505,S045,2025-12-14T01:47:26,91.97,percent,2026-01-15T00:00:00Z
R0506,S017,2025-12-03T19:37:50,95.52,mm_s,2026-01-15T00:00:00Z
R0507,S042,2025-12-17T19:07:19,30.59,mm_s,2026-01-15T00:00:00Z
R0508,S165,2025-11-17T01:56:10,272.8,l_min,2026-01-15T00:00:00Z
R0509,S103,2025-11-11T04:59:57,286.07,l_min,2026-01-15T00:00:00Z
R0510,S083,2025-12-04T22:43:59,64.04,mm_s,2026-01-15T00:00:00Z
R0511,S049,2025-12-27T10:42:35,5.7,mm_s,2026-01-15T00:00:00Z
R0512,S020,2025-11-25T11:18:56,88.62,percent,2026-01-15T00:00:00Z
R0513,S161,2025-12-27T16:03:02,47.3,percent,2026-01-15T00:00:00Z
R0514,S020,2025-11-22T08:55:58,25.74,percent,2026-01-15T00:00:00Z
R0515,S147,2025-12-15T06:20:36,61.5,celsius,2026-01-15T00:00:00Z
R0516,S091,2025-11-26T00:58:36,69.85,celsius,2026-01-15T00:00:00Z
R0517,S078,2025-11-02T11:12:20,120.89,l_min,2026-01-15T00:00:00Z
R0518,S121,2025-12-28T02:02:46,23.07,celsius,2026-01-15T00:00:00Z
R0519,S177,2025-11-05T20:38:34,44.1,celsius,2026-01-15T00:00:00Z
R0520,S116,2025-12-27T07:23:32,38.94,celsius,2026-01-15T00:00:00Z
R0521,S063,2025-11-14T09:08:04,47.57,celsius,2026-01-15T00:00:00Z
R0522,S161,2025-12-20T04:44:09,54.81,percent,2026-01-15T00:00:00Z
R0523,S094,2025-12-12T06:49:48,69.36,celsius,2026-01-15T00:00:00Z
R0524,S187,2025-12-23T20:33:50,66.15,percent,2026-01-15T00:00:00Z
R0525,S027,2025-12-25T12:41:42,377.83,l_min,2026-01-15T00:00:00Z
R0526,S082,2025-12-28T23:21:28,17.0,mm_s,2026-01-15T00:00:00Z
R0527,S025,2025-11-13T04:43:20,35.1,percent,2026-01-15T00:00:00Z
R0528,S071,2025-12-20T11:01:40,21.24,mm_s,2026-01-15T00:00:00Z
R0529,S064,2025-12-30T14:14:50,71.21,mm_s,2026-01-15T00:00:00Z
R0530,S190,2025-11-20T23:30:53,12.29,bar,2026-01-15T00:00:00Z
R0531,S020,2025-12-26T10:42:20,94.22,percent,2026-01-15T00:00:00Z
R0532,S079,2025-11-22T20:47:06,31.64,percent,2026-01-15T00:00:00Z
R0533,S055,2025-11-06T23:24:35,10.1,bar,2026-01-15T00:00:00Z
R0534,S192,2025-12-01T14:04:05,224.04,l_min,2026-01-15T00:00:00Z
R0535,S043,2025-12-13T02:02:17,5.2,bar,2026-01-15T00:00:00Z
R0536,S167,2025-12-31T21:27:36,75.71,mm_s,2026-01-15T00:00:00Z
R0537,S106,2025-11-28T18:08:11,9.75,bar,2026-01-15T00:00:00Z
R0538,S143,2025-12-31T21:07:16,39.39,celsius,2026-01-15T00:00:00Z
R0539,S131,2025-11-21T09:14:10,52.51,mm_s,2026-01-15T00:00:00Z
R0540,S048,2025-12-13T23:09:54,422.54,l_min,2026-01-15T00:00:00Z
R0541,S085,2025-12-06T00:42:20,66.86,mm_s,2026-01-15T00:00:00Z
R0542,S015,2025-11-22T16:21:37,22.87,percent,2026-01-15T00:00:00Z
R0543,S146,2025-12-17T10:01:50,2.75,bar,2026-01-15T00:00:00Z
R0544,S035,2025-11-01T23:39:00,1.84,bar,2026-01-15T00:00:00Z
R0545,S124,2025-12-29T00:00:00,76.6,mm_s,2026-01-15T00:00:00Z
R0546,S105,2025-12-11T00:45:58,81.06,percent,2026-01-15T00:00:00Z
R0547,S144,2025-12-11T05:03:00,80.93,mm_s,2026-01-15T00:00:00Z
R0548,S136,2025-12-04T18:09:40,90.59,celsius,2026-01-15T00:00:00Z
R0549,S066,2025-11-01T18:42:19,24.37,percent,2026-01-15T00:00:00Z
R0550,S125,2025-12-12T06:04:54,17.67,mm_s,2026-01-15T00:00:00Z
R0551,S061,2025-11-17T09:50:51,46.27,celsius,2026-01-15T00:00:00Z
R0552,S113,2025-12-24T17:55:10,69.56,percent,2026-01-15T00:00:00Z
R0553,S104,2025-12-03T19:04:40,58.44,celsius,2026-01-15T00:00:00Z
R0554,S152,2025-12-06T02:39:38,385.09,l_min,2026-01-15T00:00:00Z
R0555,S160,2025-12-05T12:18:45,58.31,celsius,2026-01-15T00:00:00Z
R0556,S132,2025-12-28T05:51:36,54.12,celsius,2026-01-15T00:00:00Z
R0557,S172,2025-11-25T06:18:53,51.96,celsius,2026-01-15T00:00:00Z
R0558,S096,2025-12-17T00:42:19,74.36,percent,2026-01-15T00:00:00Z
R0559,S080,2025-11-05T01:14:11,44.9,celsius,2026-01-15T00:00:00Z
R0560,S064,2025-12-07T09:37:08,30.49,mm_s,2026-01-15T00:00:00Z
R0561,S083,2025-12-09T19:24:48,87.03,mm_s,2026-01-15T00:00:00Z
R0562,S120,2025-12-01T22:26:31,87.44,mm_s,2026-01-15T00:00:00Z
R0563,S099,2025-11-28T12:15:50,376.41,l_min,2026-01-15T00:00:00Z
R0564,S035,2025-12-26T00:45:40,12.2,bar,2026-01-15T00:00:00Z
R0565,S069,2025-12-11T17:10:41,12.35,mm_s,2026-01-15T00:00:00Z
R0566,S186,2025-11-03T03:08:15,31.38,percent,2026-01-15T00:00:00Z
R0567,S058,2025-12-21T18:06:34,58.7,celsius,2026-01-15T00:00:00Z
R0568,S100,2025-11-20T09:40:32,51.01,mm_s,2026-01-15T00:00:00Z
R0569,S103,2025-11-02T02:44:13,480.56,l_min,2026-01-15T00:00:00Z
R0570,S012,2025-11-06T13:19:32,60.99,mm_s,2026-01-15T00:00:00Z
R0571,S133,2025-11-26T04:39:10,58.29,mm_s,2026-01-15T00:00:00Z
R0572,S164,2025-11-30T04:44:54,23.4,mm_s,2026-01-15T00:00:00Z
R0573,S016,2025-12-10T06:03:45,321.49,l_min,2026-01-15T00:00:00Z
R0574,S055,2025-11-20T21:56:11,11.31,bar,2026-01-15T00:00:00Z
R0575,S047,2025-12-06T01:36:04,30.82,celsius,2026-01-15T00:00:00Z
R0576,S025,2025-11-27T13:16:46,60.11,percent,2026-01-15T00:00:00Z
R0577,S161,2025-12-19T22:46:36,65.85,percent,2026-01-15T00:00:00Z
R0578,S111,2025-12-05T21:10:49,13.14,bar,2026-01-15T00:00:00Z
R0579,S037,2025-11-02T23:05:41,91.45,percent,2026-01-15T00:00:00Z
R0580,S097,2025-11-17T03:12:00,56.05,celsius,2026-01-15T00:00:00Z
R0581,S073,2025-11-19T10:09:11,346.44,l_min,2026-01-15T00:00:00Z
R0582,S183,2025-11-18T17:32:42,54.72,mm_s,2026-01-15T00:00:00Z
R0583,S019,2025-11-14T12:42:46,54.22,celsius,2026-01-15T00:00:00Z
R0584,S106,2025-11-28T03:36:50,14.14,bar,2026-01-15T00:00:00Z
R0585,S093,2025-12-10T15:45:42,11.97,bar,2026-01-15T00:00:00Z
R0586,S109,2025-12-01T20:45:02,268.86,l_min,2026-01-15T00:00:00Z
R0587,S057,2025-12-18T01:14:44,99.84,l_min,2026-01-15T00:00:00Z
R0588,S189,2025-12-04T02:54:16,255.15,l_min,2026-01-15T00:00:00Z
R0589,S009,2025-11-26T13:15:00,32.16,percent,2026-01-15T00:00:00Z
R0590,S012,2025-12-19T21:54:11,76.53,mm_s,2026-01-15T00:00:00Z
R0591,S073,2025-11-22T12:48:28,342.28,l_min,2026-01-15T00:00:00Z
R0592,S115,2025-11-26T20:02:11,6.81,bar,2026-01-15T00:00:00Z
R0593,S188,2025-11-18T16:53:31,52.45,celsius,2026-01-15T00:00:00Z
R0594,S018,2025-11-15T15:23:34,11.2,mm_s,2026-01-15T00:00:00Z
R0595,S144,2025-11-17T22:13:21,13.04,mm_s,2026-01-15T00:00:00Z
R0596,S018,2025-11-25T20:53:34,31.41,mm_s,2026-01-15T00:00:00Z
R0597,S132,2025-12-01T07:29:05,19.03,celsius,2026-01-15T00:00:00Z
R0598,S177,2025-11-22T10:34:54,73.7,celsius,2026-01-15T00:00:00Z
R0599,S187,2025-11-26T22:36:13,48.27,percent,2026-01-15T00:00:00Z
R0600,S110,2025-12-29T04:49:02,6.02,bar,2026-01-15T00:00:00Z
R0601,S007,2025-11-13T13:38:47,55.11,mm_s,2026-01-15T00:00:00Z
R0602,S179,2025-11-06T10:58:53,72.19,celsius,2026-01-15T00:00:00Z
R0603,S058,2025-12-28T21:42:21,17.73,celsius,2026-01-15T00:00:00Z
R0604,S058,2025-12-03T07:32:45,42.01,celsius,2026-01-15T00:00:00Z
R0605,S043,2025-11-23T01:00:29,9.54,bar,2026-01-15T00:00:00Z
R0606,S040,2025-12-16T16:14:09,248.18,l_min,2026-01-15T00:00:00Z
R0607,S057,2025-11-21T04:58:05,386.36,l_min,2026-01-15T00:00:00Z
R0608,S091,2025-12-28T09:02:23,94.91,celsius,2026-01-15T00:00:00Z
R0609,S029,2025-12-08T07:36:05,408.55,l_min,2026-01-15T00:00:00Z
R0610,S065,2025-11-18T12:05:06,98.99,l_min,2026-01-15T00:00:00Z
R0611,S188,2025-11-10T07:58:03,62.63,celsius,2026-01-15T00:00:00Z
R0612,S151,2025-12-27T15:47:20,304.94,l_min,2026-01-15T00:00:00Z
R0613,S151,2025-12-30T19:32:50,465.79,l_min,2026-01-15T00:00:00Z
R0614,S095,2025-12-10T09:47:30,99.95,l_min,2026-01-15T00:00:00Z
R0615,S016,2025-11-29T02:34:15,209.58,l_min,2026-01-15T00:00:00Z
R0616,S086,2025-11-10T13:10:43,141.54,l_min,2026-01-15T00:00:00Z
R0617,S013,2025-11-18T21:38:05,83.27,percent,2026-01-15T00:00:00Z
R0618,S165,2025-12-11T19:18:59,464.8,l_min,2026-01-15T00:00:00Z
R0619,S022,2025-12-09T21:33:00,10.73,bar,2026-01-15T00:00:00Z
R0620,S140,2025-11-30T18:37:59,11.05,bar,2026-01-15T00:00:00Z
R0621,S162,2025-11-02T14:01:17,60.57,celsius,2026-01-15T00:00:00Z
R0622,S013,2025-11-23T20:46:02,27.19,percent,2026-01-15T00:00:00Z
R0623,S040,2025-11-08T02:43:41,71.3,l_min,2026-01-15T00:00:00Z
R0624,S072,2025-11-06T01:40:26,86.75,percent,2026-01-15T00:00:00Z
R0625,S157,2025-11-16T09:13:26,49.37,mm_s,2026-01-15T00:00:00Z
R0626,S004,2025-11-23T06:27:55,317.79,l_min,2026-01-15T00:00:00Z
R0627,S130,2025-11-20T15:15:39,41.03,percent,2026-01-15T00:00:00Z
R0628,S146,2025-12-21T18:09:10,3.83,bar,2026-01-15T00:00:00Z
R0629,S177,2025-12-06T22:55:28,58.8,celsius,2026-01-15T00:00:00Z
R0630,S113,2025-11-07T20:39:55,69.37,percent,2026-01-15T00:00:00Z
R0631,S122,2025-11-09T07:05:10,78.03,celsius,2026-01-15T00:00:00Z
R0632,S188,2025-12-10T17:00:23,76.32,celsius,2026-01-15T00:00:00Z
R0633,S096,2025-11-08T00:06:19,98.66,percent,2026-01-15T00:00:00Z
R0634,S022,2025-11-25T06:34:44,2.77,bar,2026-01-15T00:00:00Z
R0635,S153,2025-11-08T11:57:06,49.46,percent,2026-01-15T00:00:00Z
R0636,S166,2025-12-31T06:56:34,11.59,bar,2026-01-15T00:00:00Z
R0637,S104,2025-12-06T03:44:27,61.44,celsius,2026-01-15T00:00:00Z
R0638,S115,2025-11-02T14:37:24,4.89,bar,2026-01-15T00:00:00Z
R0639,S096,2025-11-07T21:35:55,93.57,percent,2026-01-15T00:00:00Z
R0640,S161,2025-12-24T18:52:36,63.51,percent,2026-01-15T00:00:00Z
R0641,S125,2025-11-10T02:23:54,85.8,mm_s,2026-01-15T00:00:00Z
R0642,S170,2025-12-26T12:43:52,419.49,l_min,2026-01-15T00:00:00Z
R0643,S059,2025-12-02T08:36:11,25.11,celsius,2026-01-15T00:00:00Z
R0644,S035,2025-11-20T10:42:01,5.28,bar,2026-01-15T00:00:00Z
R0645,S056,2025-11-17T03:42:21,55.87,percent,2026-01-15T00:00:00Z
R0646,S142,2025-12-29T12:54:08,116.9,l_min,2026-01-15T00:00:00Z
R0647,S157,2025-12-12T15:47:18,63.04,mm_s,2026-01-15T00:00:00Z
R0648,S199,2025-11-22T01:42:19,68.41,celsius,2026-01-15T00:00:00Z
R0649,S026,2025-12-26T08:10:57,66.97,percent,2026-01-15T00:00:00Z
R0650,S129,2025-12-15T06:04:53,25.83,celsius,2026-01-15T00:00:00Z
R0651,S183,2025-11-26T03:39:02,93.73,mm_s,2026-01-15T00:00:00Z
R0652,S151,2025-12-29T09:58:22,171.04,l_min,2026-01-15T00:00:00Z
R0653,S096,2025-12-17T21:47:56,40.73,percent,2026-01-15T00:00:00Z
R0654,S039,2025-12-18T20:15:16,256.14,l_min,2026-01-15T00:00:00Z
R0655,S112,2025-11-02T06:56:23,118.33,l_min,2026-01-15T00:00:00Z
R0656,S107,2025-11-29T21:56:04,93.15,percent,2026-01-15T00:00:00Z
R0657,S198,2025-11-13T08:17:42,1.51,bar,2026-01-15T00:00:00Z
R0658,S083,2025-11-20T01:11:51,49.21,mm_s,2026-01-15T00:00:00Z
R0659,S180,2025-11-04T00:56:55,41.75,celsius,2026-01-15T00:00:00Z
R0660,S028,2025-11-16T01:27:18,73.62,celsius,2026-01-15T00:00:00Z
R0661,S031,2025-12-30T09:36:35,6.92,bar,2026-01-15T00:00:00Z
R0662,S102,2025-11-07T10:42:51,8.96,bar,2026-01-15T00:00:00Z
R0663,S019,2025-11-21T21:48:34,41.33,celsius,2026-01-15T00:00:00Z
R0664,S129,2025-12-28T22:24:31,20.54,celsius,2026-01-15T00:00:00Z
R0665,S148,2025-11-20T22:11:02,42.03,celsius,2026-01-15T00:00:00Z
R0666,S004,2025-11-08T18:31:14,391.56,l_min,2026-01-15T00:00:00Z
R0667,S128,2025-11-06T16:11:24,240.96,l_min,2026-01-15T00:00:00Z
R0668,S082,2025-12-18T16:02:07,76.7,mm_s,2026-01-15T00:00:00Z
R0669,S156,2025-12-27T05:05:18,29.72,mm_s,2026-01-15T00:00:00Z
R0670,S152,2025-11-17T12:40:58,14.41,l_min,2026-01-15T00:00:00Z
R0671,S079,2025-11-29T10:29:24,27.83,percent,2026-01-15T00:00:00Z
R0672,S126,2025-12-12T15:21:05,40.43,percent,2026-01-15T00:00:00Z
R0673,S052,2025-12-17T02:23:07,0.82,bar,2026-01-15T00:00:00Z
R0674,S124,2025-11-11T19:58:43,5.28,mm_s,2026-01-15T00:00:00Z
R0675,S029,2025-12-06T23:26:26,486.13,l_min,2026-01-15T00:00:00Z
R0676,S028,2025-11-14T01:03:44,20.85,celsius,2026-01-15T00:00:00Z
R0677,S046,2025-12-26T19:37:18,4.47,bar,2026-01-15T00:00:00Z
R0678,S028,2025-12-04T00:54:34,16.9,celsius,2026-01-15T00:00:00Z
R0679,S008,2025-12-19T21:09:47,15.83,celsius,2026-01-15T00:00:00Z
R0680,S175,2025-11-28T08:20:01,62.26,mm_s,2026-01-15T00:00:00Z
R0681,S099,2025-12-05T21:43:11,404.93,l_min,2026-01-15T00:00:00Z
R0682,S014,2025-12-23T23:11:17,44.31,l_min,2026-01-15T00:00:00Z
R0683,S043,2025-12-17T00:30:12,5.84,bar,2026-01-15T00:00:00Z
R0684,S179,2025-12-06T17:50:29,42.49,celsius,2026-01-15T00:00:00Z
R0685,S022,2025-12-08T18:55:36,9.6,bar,2026-01-15T00:00:00Z
R0686,S048,2025-11-27T17:05:19,474.5,l_min,2026-01-15T00:00:00Z
R0687,S180,2025-12-04T13:54:27,39.78,celsius,2026-01-15T00:00:00Z
R0688,S075,2025-12-07T15:53:55,213.81,l_min,2026-01-15T00:00:00Z
R0689,S133,2025-11-30T04:51:40,96.39,mm_s,2026-01-15T00:00:00Z
R0690,S170,2025-11-02T03:42:22,275.79,l_min,2026-01-15T00:00:00Z
R0691,S083,2025-12-15T21:08:25,14.08,mm_s,2026-01-15T00:00:00Z
R0692,S134,2025-12-10T08:33:00,70.67,celsius,2026-01-15T00:00:00Z
R0693,S185,2025-11-11T20:10:49,9.66,bar,2026-01-15T00:00:00Z
R0694,S062,2025-12-12T13:32:28,82.68,percent,2026-01-15T00:00:00Z
R0695,S193,2025-12-27T19:39:05,60.98,mm_s,2026-01-15T00:00:00Z
R0696,S187,2025-11-11T11:31:17,36.98,percent,2026-01-15T00:00:00Z
R0697,S069,2025-11-30T09:06:51,85.25,mm_s,2026-01-15T00:00:00Z
R0698,S102,2025-12-21T13:13:32,4.54,bar,2026-01-15T00:00:00Z
R0699,S098,2025-11-06T16:20:30,85.04,celsius,2026-01-15T00:00:00Z
R0700,S169,2025-11-22T08:27:32,77.26,percent,2026-01-15T00:00:00Z
R0701,S126,2025-11-25T10:30:05,64.0,percent,2026-01-15T00:00:00Z
R0702,S169,2025-11-25T06:47:46,26.2,percent,2026-01-15T00:00:00Z
R0703,S013,2025-12-01T17:35:37,83.54,percent,2026-01-15T00:00:00Z
R0704,S134,2025-11-25T19:45:55,33.8,celsius,2026-01-15T00:00:00Z
R0705,S178,2025-11-05T06:36:40,361.98,l_min,2026-01-15T00:00:00Z
R0706,S171,2025-12-10T07:57:52,23.93,percent,2026-01-15T00:00:00Z
R0707,S108,2025-11-07T10:22:53,42.21,percent,2026-01-15T00:00:00Z
R0708,S159,2025-11-30T16:41:48,6.45,mm_s,2026-01-15T00:00:00Z
R0709,S147,2025-12-12T06:59:28,77.44,celsius,2026-01-15T00:00:00Z
R0710,S132,2025-12-14T20:56:15,81.47,celsius,2026-01-15T00:00:00Z
R0711,S181,2025-11-08T00:19:43,46.97,percent,2026-01-15T00:00:00Z
R0712,S115,2025-11-25T03:46:19,7.97,bar,2026-01-15T00:00:00Z
R0713,S101,2025-11-08T19:21:45,44.71,celsius,2026-01-15T00:00:00Z
R0714,S111,2025-11-14T17:19:03,4.78,bar,2026-01-15T00:00:00Z
R0715,S168,2025-12-21T14:09:05,57.05,percent,2026-01-15T00:00:00Z
R0716,S061,2025-12-23T01:17:24,53.48,celsius,2026-01-15T00:00:00Z
R0717,S150,2025-11-09T22:16:02,19.17,mm_s,2026-01-15T00:00:00Z
R0718,S184,2025-11-19T20:51:58,11.91,bar,2026-01-15T00:00:00Z
R0719,S192,2025-12-30T20:32:27,498.08,l_min,2026-01-15T00:00:00Z
R0720,S150,2025-12-04T14:47:56,65.11,mm_s,2026-01-15T00:00:00Z
R0721,S068,2025-11-11T18:59:38,4.28,bar,2026-01-15T00:00:00Z
R0722,S028,2025-12-12T02:51:24,61.13,celsius,2026-01-15T00:00:00Z
R0723,S010,2025-11-05T20:03:12,86.52,celsius,2026-01-15T00:00:00Z
R0724,S103,2025-11-21T21:38:08,290.01,l_min,2026-01-15T00:00:00Z
R0725,S190,2025-12-16T13:13:56,14.52,bar,2026-01-15T00:00:00Z
R0726,S159,2025-12-11T03:22:31,96.84,mm_s,2026-01-15T00:00:00Z
R0727,S070,2025-11-27T08:50:58,4.85,bar,2026-01-15T00:00:00Z
R0728,S103,2025-11-02T05:10:34,349.59,l_min,2026-01-15T00:00:00Z
R0729,S136,2025-11-10T12:28:32,61.02,celsius,2026-01-15T00:00:00Z
R0730,S113,2025-12-19T16:33:53,98.04,percent,2026-01-15T00:00:00Z
R0731,S118,2025-12-26T04:51:50,4.12,bar,2026-01-15T00:00:00Z
R0732,S042,2025-12-22T02:08:26,97.58,mm_s,2026-01-15T00:00:00Z
R0733,S079,2025-11-04T18:26:35,34.6,percent,2026-01-15T00:00:00Z
R0734,S092,2025-11-06T06:46:48,292.53,l_min,2026-01-15T00:00:00Z
R0735,S072,2025-11-12T05:08:45,62.83,percent,2026-01-15T00:00:00Z
R0736,S108,2025-11-05T14:27:04,98.71,percent,2026-01-15T00:00:00Z
R0737,S090,2025-11-12T14:24:00,5.12,l_min,2026-01-15T00:00:00Z
R0738,S197,2025-11-30T03:26:17,43.62,celsius,2026-01-15T00:00:00Z
R0739,S001,2025-11-23T06:30:16,62.22,percent,2026-01-15T00:00:00Z
R0740,S080,2025-11-21T21:21:50,15.65,celsius,2026-01-15T00:00:00Z
R0741,S119,2025-12-21T14:09:48,312.63,l_min,2026-01-15T00:00:00Z
R0742,S113,2025-11-13T18:42:55,45.57,percent,2026-01-15T00:00:00Z
R0743,S100,2025-11-17T12:11:25,26.65,mm_s,2026-01-15T00:00:00Z
R0744,S160,2025-11-04T03:17:03,45.15,celsius,2026-01-15T00:00:00Z
R0745,S120,2025-12-28T13:56:24,93.56,mm_s,2026-01-15T00:00:00Z
R0746,S002,2025-12-13T20:07:09,22.19,mm_s,2026-01-15T00:00:00Z
R0747,S134,2025-12-01T10:40:54,72.06,celsius,2026-01-15T00:00:00Z
R0748,S171,2025-11-06T18:46:31,61.86,percent,2026-01-15T00:00:00Z
R0749,S063,2025-11-27T09:35:35,59.15,celsius,2026-01-15T00:00:00Z
R0750,S025,2025-11-14T13:13:12,78.23,percent,2026-01-15T00:00:00Z
R0751,S141,2025-12-24T01:44:05,37.75,mm_s,2026-01-15T00:00:00Z
R0752,S100,2025-11-10T10:46:46,22.68,mm_s,2026-01-15T00:00:00Z
R0753,S185,2025-11-09T08:52:05,4.43,bar,2026-01-15T00:00:00Z
R0754,S165,2025-12-19T13:57:30,80.43,l_min,2026-01-15T00:00:00Z
R0755,S171,2025-12-21T18:42:21,96.13,percent,2026-01-15T00:00:00Z
R0756,S176,2025-12-08T12:27:03,92.21,percent,2026-01-15T00:00:00Z
R0757,S148,2025-12-28T07:37:48,36.89,celsius,2026-01-15T00:00:00Z
R0758,S037,2025-11-12T12:44:06,76.22,percent,2026-01-15T00:00:00Z
R0759,S003,2025-12-03T09:06:17,87.88,celsius,2026-01-15T00:00:00Z
R0760,S069,2025-11-12T21:50:09,30.13,mm_s,2026-01-15T00:00:00Z
R0761,S007,2025-11-29T11:00:48,61.9,mm_s,2026-01-15T00:00:00Z
R0762,S086,2025-11-25T06:16:28,388.52,l_min,2026-01-15T00:00:00Z
R0763,S141,2025-11-03T04:54:47,13.84,mm_s,2026-01-15T00:00:00Z
R0764,S183,2025-12-02T06:10:26,77.32,mm_s,2026-01-15T00:00:00Z
R0765,S082,2025-11-11T08:23:25,37.96,mm_s,2026-01-15T00:00:00Z
R0766,S102,2025-12-15T21:53:18,14.42,bar,2026-01-15T00:00:00Z
R0767,S122,2025-12-31T22:37:01,71.98,celsius,2026-01-15T00:00:00Z
R0768,S091,2025-11-06T19:49:22,73.65,celsius,2026-01-15T00:00:00Z
R0769,S018,2025-12-10T04:43:11,35.31,mm_s,2026-01-15T00:00:00Z
R0770,S046,2025-12-07T00:57:01,13.62,bar,2026-01-15T00:00:00Z
R0771,S021,2025-12-06T11:39:32,98.33,mm_s,2026-01-15T00:00:00Z
R0772,S181,2025-12-15T11:19:43,42.66,percent,2026-01-15T00:00:00Z
R0773,S093,2025-12-25T08:28:44,3.97,bar,2026-01-15T00:00:00Z
R0774,S127,2025-11-07T16:23:48,58.46,mm_s,2026-01-15T00:00:00Z
R0775,S086,2025-11-18T09:37:38,47.25,l_min,2026-01-15T00:00:00Z
R0776,S112,2025-12-21T21:07:26,234.87,l_min,2026-01-15T00:00:00Z
R0777,S006,2025-12-09T14:12:32,42.22,celsius,2026-01-15T00:00:00Z
R0778,S007,2025-11-14T05:09:52,45.08,mm_s,2026-01-15T00:00:00Z
R0779,S095,2025-12-24T08:57:46,277.2,l_min,2026-01-15T00:00:00Z
R0780,S072,2025-12-01T19:44:22,96.66,percent,2026-01-15T00:00:00Z
R0781,S182,2025-11-29T21:29:46,53.67,percent,2026-01-15T00:00:00Z
R0782,S173,2025-11-10T03:08:37,37.6,mm_s,2026-01-15T00:00:00Z
R0783,S012,2025-11-29T20:43:30,60.8,mm_s,2026-01-15T00:00:00Z
R0784,S179,2025-12-18T17:07:06,42.18,celsius,2026-01-15T00:00:00Z
R0785,S144,2025-12-03T05:50:13,45.36,mm_s,2026-01-15T00:00:00Z
R0786,S124,2025-11-01T19:06:03,58.23,mm_s,2026-01-15T00:00:00Z
R0787,S069,2025-11-14T02:14:34,72.94,mm_s,2026-01-15T00:00:00Z
R0788,S116,2025-12-11T05:32:32,57.49,celsius,2026-01-15T00:00:00Z
R0789,S155,2025-12-28T07:27:14,193.78,l_min,2026-01-15T00:00:00Z
R0790,S039,2025-11-15T20:22:19,89.35,l_min,2026-01-15T00:00:00Z
R0791,S192,2025-11-19T08:35:20,70.54,l_min,2026-01-15T00:00:00Z
R0792,S070,2025-12-25T19:06:36,2.54,bar,2026-01-15T00:00:00Z
R0793,S186,2025-12-15T14:01:24,42.52,percent,2026-01-15T00:00:00Z
R0794,S053,2025-11-02T05:18:34,60.87,percent,2026-01-15T00:00:00Z
R0795,S122,2025-11-25T01:54:38,52.49,celsius,2026-01-15T00:00:00Z
R0796,S148,2025-12-30T05:08:50,83.86,celsius,2026-01-15T00:00:00Z
R0797,S143,2025-11-19T12:50:42,68.99,celsius,2026-01-15T00:00:00Z
R0798,S060,2025-12-23T20:49:07,54.81,percent,2026-01-15T00:00:00Z
R0799,S040,2025-11-17T05:11:46,160.27,l_min,2026-01-15T00:00:00Z
R0800,S093,2025-12-17T18:33:55,10.57,bar,2026-01-15T00:00:00Z
R0801,S132,2025-12-11T07:37:19,49.97,celsius,2026-01-15T00:00:00Z
R0802,S197,2025-12-15T00:40:48,76.07,celsius,2026-01-15T00:00:00Z
R0803,S145,2025-11-27T09:01:25,79.21,percent,2026-01-15T00:00:00Z
R0804,S066,2025-12-25T01:54:35,63.66,percent,2026-01-15T00:00:00Z
R0805,S198,2025-12-13T04:36:53,8.18,bar,2026-01-15T00:00:00Z
R0806,S006,2025-12-14T15:57:09,62.06,celsius,2026-01-15T00:00:00Z
R0807,S199,2025-11-22T07:24:00,33.55,celsius,2026-01-15T00:00:00Z
R0808,S200,2025-12-05T13:27:39,35.44,celsius,2026-01-15T00:00:00Z
R0809,S107,2025-12-09T06:24:06,38.14,percent,2026-01-15T00:00:00Z
R0810,S142,2025-12-11T06:39:06,342.59,l_min,2026-01-15T00:00:00Z
R0811,S033,2025-11-30T14:06:07,72.94,percent,2026-01-15T00:00:00Z
R0812,S062,2025-12-16T05:55:27,22.94,percent,2026-01-15T00:00:00Z
R0813,S164,2025-11-24T08:30:16,22.23,mm_s,2026-01-15T00:00:00Z
R0814,S128,2025-11-20T05:48:27,386.32,l_min,2026-01-15T00:00:00Z
R0815,S103,2025-11-22T06:36:50,481.68,l_min,2026-01-15T00:00:00Z
R0816,S200,2025-12-23T14:21:31,51.56,celsius,2026-01-15T00:00:00Z
R0817,S070,2025-12-05T14:28:36,3.09,bar,2026-01-15T00:00:00Z
R0818,S189,2025-11-08T15:18:55,139.3,l_min,2026-01-15T00:00:00Z
R0819,S138,2025-11-02T13:04:17,61.36,celsius,2026-01-15T00:00:00Z
R0820,S199,2025-12-10T05:46:56,74.22,celsius,2026-01-15T00:00:00Z
R0821,S137,2025-12-08T06:02:04,10.32,mm_s,2026-01-15T00:00:00Z
R0822,S099,2025-11-01T05:15:23,250.88,l_min,2026-01-15T00:00:00Z
R0823,S130,2025-11-10T08:27:15,47.47,percent,2026-01-15T00:00:00Z
R0824,S078,2025-12-22T07:46:28,217.33,l_min,2026-01-15T00:00:00Z
R0825,S052,2025-11-30T00:29:45,9.06,bar,2026-01-15T00:00:00Z
R0826,S026,2025-11-25T17:59:46,43.55,percent,2026-01-15T00:00:00Z
R0827,S173,2025-11-09T20:30:18,35.73,mm_s,2026-01-15T00:00:00Z
R0828,S028,2025-11-28T01:32:14,18.73,celsius,2026-01-15T00:00:00Z
R0829,S054,2025-11-29T18:13:02,73.85,percent,2026-01-15T00:00:00Z
R0830,S143,2025-12-24T14:27:23,26.05,celsius,2026-01-15T00:00:00Z
R0831,S171,2025-11-25T16:28:27,92.1,percent,2026-01-15T00:00:00Z
R0832,S114,2025-11-09T00:35:45,401.79,l_min,2026-01-15T00:00:00Z
R0833,S038,2025-11-29T16:07:38,2.21,bar,2026-01-15T00:00:00Z
R0834,S036,2025-11-21T18:01:18,30.01,percent,2026-01-15T00:00:00Z
R0835,S111,2025-11-04T06:43:59,9.83,bar,2026-01-15T00:00:00Z
R0836,S173,2025-11-08T09:55:36,24.44,mm_s,2026-01-15T00:00:00Z
R0837,S018,2025-11-02T07:50:32,81.46,mm_s,2026-01-15T00:00:00Z
R0838,S051,2025-12-10T09:23:35,59.89,mm_s,2026-01-15T00:00:00Z
R0839,S102,2025-11-03T09:09:43,13.66,bar,2026-01-15T00:00:00Z
R0840,S108,2025-12-13T16:47:42,91.45,percent,2026-01-15T00:00:00Z
R0841,S146,2025-12-30T11:26:27,1.81,bar,2026-01-15T00:00:00Z
R0842,S065,2025-12-22T21:13:19,315.55,l_min,2026-01-15T00:00:00Z
R0843,S068,2025-11-15T19:30:06,12.29,bar,2026-01-15T00:00:00Z
R0844,S179,2025-11-04T06:41:21,80.01,celsius,2026-01-15T00:00:00Z
R0845,S006,2025-12-29T16:19:11,39.4,celsius,2026-01-15T00:00:00Z
R0846,S057,2025-12-10T23:10:58,444.55,l_min,2026-01-15T00:00:00Z
R0847,S038,2025-11-20T23:15:40,3.59,bar,2026-01-15T00:00:00Z
R0848,S039,2025-11-28T14:46:09,411.34,l_min,2026-01-15T00:00:00Z
R0849,S028,2025-12-14T10:09:16,15.28,celsius,2026-01-15T00:00:00Z
R0850,S070,2025-11-17T08:43:32,7.01,bar,2026-01-15T00:00:00Z
R0851,S066,2025-11-23T17:51:40,83.16,percent,2026-01-15T00:00:00Z
R0852,S192,2025-11-13T13:37:14,185.17,l_min,2026-01-15T00:00:00Z
R0853,S133,2025-11-16T15:49:41,86.35,mm_s,2026-01-15T00:00:00Z
R0854,S135,2025-11-19T09:57:46,44.1,celsius,2026-01-15T00:00:00Z
R0855,S150,2025-11-28T06:53:00,76.27,mm_s,2026-01-15T00:00:00Z
R0856,S197,2025-11-27T08:28:42,85.27,celsius,2026-01-15T00:00:00Z
R0857,S117,2025-12-24T20:12:48,1.13,bar,2026-01-15T00:00:00Z
R0858,S053,2025-12-11T23:51:56,64.8,percent,2026-01-15T00:00:00Z
R0859,S081,2025-12-28T10:14:21,8.56,mm_s,2026-01-15T00:00:00Z
R0860,S152,2025-12-25T06:30:24,184.66,l_min,2026-01-15T00:00:00Z
R0861,S007,2025-12-01T10:03:36,61.84,mm_s,2026-01-15T00:00:00Z
R0862,S181,2025-12-02T02:18:12,26.73,percent,2026-01-15T00:00:00Z
R0863,S020,2025-11-29T21:10:56,25.77,percent,2026-01-15T00:00:00Z
R0864,S005,2025-12-01T11:33:43,7.31,bar,2026-01-15T00:00:00Z
R0865,S113,2025-11-12T15:16:41,59.26,percent,2026-01-15T00:00:00Z
R0866,S065,2025-11-24T00:39:20,153.39,l_min,2026-01-15T00:00:00Z
R0867,S192,2025-12-07T11:06:01,318.4,l_min,2026-01-15T00:00:00Z
R0868,S153,2025-11-29T05:55:20,62.55,percent,2026-01-15T00:00:00Z
R0869,S095,2025-11-17T06:04:04,492.18,l_min,2026-01-15T00:00:00Z
R0870,S068,2025-11-11T09:42:48,10.5,bar,2026-01-15T00:00:00Z
R0871,S174,2025-11-15T11:11:10,23.65,percent,2026-01-15T00:00:00Z
R0872,S176,2025-12-26T06:48:47,31.69,percent,2026-01-15T00:00:00Z
R0873,S049,2025-12-07T02:07:41,80.34,mm_s,2026-01-15T00:00:00Z
R0874,S186,2025-11-29T02:53:56,26.88,percent,2026-01-15T00:00:00Z
R0875,S044,2025-11-17T14:03:34,58.26,celsius,2026-01-15T00:00:00Z
R0876,S070,2025-12-04T05:47:48,14.34,bar,2026-01-15T00:00:00Z
R0877,S060,2025-12-26T17:04:59,48.49,percent,2026-01-15T00:00:00Z
R0878,S066,2025-11-29T21:33:11,64.62,percent,2026-01-15T00:00:00Z
R0879,S012,2025-11-05T00:12:55,1.22,mm_s,2026-01-15T00:00:00Z
R0880,S184,2025-12-28T21:36:46,2.78,bar,2026-01-15T00:00:00Z
R0881,S152,2025-12-12T01:38:45,285.43,l_min,2026-01-15T00:00:00Z
R0882,S141,2025-12-24T21:43:00,32.8,mm_s,2026-01-15T00:00:00Z
R0883,S127,2025-12-20T19:41:23,15.23,mm_s,2026-01-15T00:00:00Z
R0884,S177,2025-12-04T13:36:22,70.54,celsius,2026-01-15T00:00:00Z
R0885,S187,2025-12-24T12:08:35,91.68,percent,2026-01-15T00:00:00Z
R0886,S105,2025-11-03T05:16:11,73.69,percent,2026-01-15T00:00:00Z
R0887,S169,2025-12-30T05:13:53,62.57,percent,2026-01-15T00:00:00Z
R0888,S092,2025-12-25T15:32:43,23.65,l_min,2026-01-15T00:00:00Z
R0889,S169,2025-11-04T07:24:27,49.7,percent,2026-01-15T00:00:00Z
R0890,S055,2025-12-09T05:45:01,2.41,bar,2026-01-15T00:00:00Z
R0891,S026,2025-11-15T08:17:30,55.22,percent,2026-01-15T00:00:00Z
R0892,S189,2025-11-03T10:17:33,307.57,l_min,2026-01-15T00:00:00Z
R0893,S180,2025-12-02T08:24:17,18.66,celsius,2026-01-15T00:00:00Z
R0894,S169,2025-11-07T02:20:09,53.66,percent,2026-01-15T00:00:00Z
R0895,S110,2025-12-23T07:50:52,14.6,bar,2026-01-15T00:00:00Z
R0896,S177,2025-12-22T07:21:20,72.76,celsius,2026-01-15T00:00:00Z
R0897,S047,2025-12-31T10:25:30,41.53,celsius,2026-01-15T00:00:00Z
R0898,S007,2025-11-06T17:27:58,48.22,mm_s,2026-01-15T00:00:00Z
R0899,S179,2025-12-23T14:55:38,42.22,celsius,2026-01-15T00:00:00Z
R0900,S008,2025-12-01T05:22:18,78.96,celsius,2026-01-15T00:00:00Z
R0901,S186,2025-11-29T10:12:35,26.4,percent,2026-01-15T00:00:00Z
R0902,S010,2025-12-06T05:53:08,56.28,celsius,2026-01-15T00:00:00Z
R0903,S135,2025-12-06T19:50:46,62.28,celsius,2026-01-15T00:00:00Z
R0904,S031,2025-12-02T14:36:36,0.71,bar,2026-01-15T00:00:00Z
R0905,S186,2025-11-09T03:49:38,78.82,percent,2026-01-15T00:00:00Z
R0906,S042,2025-11-08T04:06:00,32.67,mm_s,2026-01-15T00:00:00Z
R0907,S088,2025-11-17T16:39:45,72.92,percent,2026-01-15T00:00:00Z
R0908,S126,2025-12-13T01:53:49,92.79,percent,2026-01-15T00:00:00Z
R0909,S165,2025-11-20T12:55:12,253.79,l_min,2026-01-15T00:00:00Z
R0910,S124,2025-12-18T06:27:08,8.24,mm_s,2026-01-15T00:00:00Z
R0911,S094,2025-11-12T09:29:09,29.06,celsius,2026-01-15T00:00:00Z
R0912,S163,2025-11-26T22:47:30,8.07,bar,2026-01-15T00:00:00Z
R0913,S165,2025-11-08T20:06:28,329.67,l_min,2026-01-15T00:00:00Z
R0914,S091,2025-12-03T00:58:40,25.23,celsius,2026-01-15T00:00:00Z
R0915,S161,2025-12-25T02:04:04,39.06,percent,2026-01-15T00:00:00Z
R0916,S127,2025-11-01T16:09:29,8.21,mm_s,2026-01-15T00:00:00Z
R0917,S088,2025-12-20T18:30:30,93.65,percent,2026-01-15T00:00:00Z
R0918,S179,2025-11-26T12:00:12,90.95,celsius,2026-01-15T00:00:00Z
R0919,S135,2025-12-16T21:40:11,27.41,celsius,2026-01-15T00:00:00Z
R0920,S098,2025-11-27T22:58:02,25.77,celsius,2026-01-15T00:00:00Z
R0921,S143,2025-11-16T22:40:23,44.11,celsius,2026-01-15T00:00:00Z
R0922,S156,2025-12-14T21:48:07,58.64,mm_s,2026-01-15T00:00:00Z
R0923,S018,2025-11-19T12:49:56,59.72,mm_s,2026-01-15T00:00:00Z
R0924,S066,2025-12-18T09:19:15,48.94,percent,2026-01-15T00:00:00Z
R0925,S080,2025-11-17T23:48:29,84.23,celsius,2026-01-15T00:00:00Z
R0926,S053,2025-12-04T14:42:28,46.35,percent,2026-01-15T00:00:00Z
R0927,S137,2025-11-28T14:26:59,10.92,mm_s,2026-01-15T00:00:00Z
R0928,S059,2025-11-23T01:57:10,94.74,celsius,2026-01-15T00:00:00Z
R0929,S101,2025-12-01T19:31:58,90.06,celsius,2026-01-15T00:00:00Z
R0930,S199,2025-11-30T10:31:46,19.96,celsius,2026-01-15T00:00:00Z
R0931,S119,2025-11-01T18:40:24,420.49,l_min,2026-01-15T00:00:00Z
R0932,S136,2025-12-18T18:24:49,84.37,celsius,2026-01-15T00:00:00Z
R0933,S010,2025-12-31T09:10:09,20.27,celsius,2026-01-15T00:00:00Z
R0934,S186,2025-11-03T23:59:11,28.79,percent,2026-01-15T00:00:00Z
R0935,S148,2025-12-06T02:45:14,47.73,celsius,2026-01-15T00:00:00Z
R0936,S101,2025-11-10T07:06:00,26.51,celsius,2026-01-15T00:00:00Z
R0937,S086,2025-12-17T01:14:55,389.94,l_min,2026-01-15T00:00:00Z
R0938,S141,2025-12-03T02:20:29,27.9,mm_s,2026-01-15T00:00:00Z
R0939,S045,2025-12-13T00:52:15,52.57,percent,2026-01-15T00:00:00Z
R0940,S059,2025-12-04T15:37:40,83.24,celsius,2026-01-15T00:00:00Z
R0941,S159,2025-12-30T16:58:34,91.7,mm_s,2026-01-15T00:00:00Z
R0942,S060,2025-11-08T13:17:47,60.83,percent,2026-01-15T00:00:00Z
R0943,S165,2025-11-26T06:01:33,492.03,l_min,2026-01-15T00:00:00Z
R0944,S101,2025-12-17T05:13:39,36.98,celsius,2026-01-15T00:00:00Z
R0945,S053,2025-12-31T07:03:52,44.14,percent,2026-01-15T00:00:00Z
R0946,S023,2025-11-27T00:09:57,73.43,mm_s,2026-01-15T00:00:00Z
R0947,S103,2025-11-25T22:49:08,294.57,l_min,2026-01-15T00:00:00Z
R0948,S042,2025-12-30T07:13:39,78.13,mm_s,2026-01-15T00:00:00Z
R0949,S097,2025-11-18T23:06:14,28.82,celsius,2026-01-15T00:00:00Z
R0950,S137,2025-11-30T14:16:56,78.1,mm_s,2026-01-15T00:00:00Z
R0951,S039,2025-12-13T21:17:51,486.72,l_min,2026-01-15T00:00:00Z
R0952,S007,2025-12-09T06:34:16,13.41,mm_s,2026-01-15T00:00:00Z
R0953,S069,2025-12-20T20:33:50,83.73,mm_s,2026-01-15T00:00:00Z
R0954,S025,2025-11-07T12:37:09,76.88,percent,2026-01-15T00:00:00Z
R0955,S183,2025-12-16T14:24:22,37.19,mm_s,2026-01-15T00:00:00Z
R0956,S107,2025-11-10T08:10:41,28.31,percent,2026-01-15T00:00:00Z
R0957,S092,2025-12-04T07:49:01,459.78,l_min,2026-01-15T00:00:00Z
R0958,S137,2025-11-24T09:52:26,64.52,mm_s,2026-01-15T00:00:00Z
R0959,S068,2025-12-17T01:58:50,11.07,bar,2026-01-15T00:00:00Z
R0960,S049,2025-12-19T05:17:41,0.19,mm_s,2026-01-15T00:00:00Z
R0961,S107,2025-12-07T20:51:12,97.14,percent,2026-01-15T00:00:00Z
R0962,S179,2025-12-07T23:22:01,82.17,celsius,2026-01-15T00:00:00Z
R0963,S022,2025-11-13T13:44:28,11.44,bar,2026-01-15T00:00:00Z
R0964,S160,2025-12-21T09:36:20,32.0,celsius,2026-01-15T00:00:00Z
R0965,S188,2025-12-14T17:04:18,23.8,celsius,2026-01-15T00:00:00Z
R0966,S032,2025-11-15T05:33:38,68.8,celsius,2026-01-15T00:00:00Z
R0967,S098,2025-11-09T08:11:36,50.95,celsius,2026-01-15T00:00:00Z
R0968,S100,2025-11-04T04:56:44,69.55,mm_s,2026-01-15T00:00:00Z
R0969,S117,2025-11-29T16:28:31,8.09,bar,2026-01-15T00:00:00Z
R0970,S087,2025-11-05T02:05:02,46.53,percent,2026-01-15T00:00:00Z
R0971,S188,2025-11-26T00:37:21,66.21,celsius,2026-01-15T00:00:00Z
R0972,S036,2025-11-25T18:45:07,60.16,percent,2026-01-15T00:00:00Z
R0973,S180,2025-11-20T16:25:06,56.03,celsius,2026-01-15T00:00:00Z
R0974,S079,2025-11-17T19:17:52,86.75,percent,2026-01-15T00:00:00Z
R0975,S115,2025-12-12T17:30:23,0.5,bar,2026-01-15T00:00:00Z
R0976,S106,2025-11-08T23:58:16,11.62,bar,2026-01-15T00:00:00Z
R0977,S172,2025-12-13T10:33:27,58.29,celsius,2026-01-15T00:00:00Z
R0978,S124,2025-12-31T22:44:04,32.53,mm_s,2026-01-15T00:00:00Z
R0979,S008,2025-12-20T12:15:49,66.61,celsius,2026-01-15T00:00:00Z
R0980,S169,2025-11-23T02:29:40,21.78,percent,2026-01-15T00:00:00Z
R0981,S104,2025-12-30T18:10:07,64.08,celsius,2026-01-15T00:00:00Z
R0982,S019,2025-11-20T15:59:48,90.46,celsius,2026-01-15T00:00:00Z
R0983,S197,2025-12-21T20:53:50,66.15,celsius,2026-01-15T00:00:00Z
R0984,S052,2025-11-06T00:20:19,14.67,bar,2026-01-15T00:00:00Z
R0985,S166,2025-11-19T01:57:27,7.5,bar,2026-01-15T00:00:00Z
R0986,S081,2025-12-29T21:31:35,61.66,mm_s,2026-01-15T00:00:00Z
R0987,S002,2025-12-03T10:16:24,25.82,mm_s,2026-01-15T00:00:00Z
R0988,S086,2025-11-12T05:31:29,223.51,l_min,2026-01-15T00:00:00Z
R0989,S107,2025-12-02T19:05:41,76.17,percent,2026-01-15T00:00:00Z
R0990,S029,2025-11-23T10:10:29,112.56,l_min,2026-01-15T00:00:00Z
R0991,S077,2025-12-31T22:26:56,204.71,l_min,2026-01-15T00:00:00Z
R0992,S191,2025-12-06T09:03:09,285.25,l_min,2026-01-15T00:00:00Z
R0993,S144,2025-12-03T07:34:01,82.73,mm_s,2026-01-15T00:00:00Z
R0994,S065,2025-11-04T07:11:44,474.17,l_min,2026-01-15T00:00:00Z
R0995,S104,2025-11-10T21:20:37,19.55,celsius,2026-01-15T00:00:00Z
R0996,S136,2025-12-31T16:39:05,35.98,celsius,2026-01-15T00:00:00Z
R0997,S183,2025-12-09T08:57:00,1.92,mm_s,2026-01-15T00:00:00Z
R0998,S018,2025-11-22T08:02:56,8.87,mm_s,2026-01-15T00:00:00Z
R0999,S042,2025-11-29T22:35:03,95.03,mm_s,2026-01-15T00:00:00Z
R1000,S106,2025-11-21T15:28:39,5.17,bar,2026-01-15T00:00:00Z
